3.0926826657675006,2.5658815107154713,3.098014490696273,2.255997018264673,50.0
8.397394532451468,5.992568771185187,7.301927182229913,4.559852385743222,78.4664863680111
10.624619559517065,5.992568771185187,10.196079155854568,5.43360935316858,38.6674880563298
10.503776499651345,5.628169342717473,10.126835706394774,5.221131416920943,-4.891852739508121
13.345793585573787,5.628169342717473,11.112833876824103,7.2124932393843935,36.07514535742793
14.817721817760638,8.060414206630313,12.721836351690055,8.362761733331984,40.19448018500224
14.284373543108085,7.248729605334641,10.67687944604645,8.200451727923447,-20.449569056436044
17.474623211834622,7.248729605334641,15.320323461913635,8.200451727923447,58.82528782086038
17.44657945331022,7.188921304271797,14.779343235506975,8.136791485714348,-8.479290112272286
21.476422986052928,8.306155257359325,17.130172297140255,10.855048382761002,60.741805655559645
21.455537264300396,8.29359865523359,17.104839257334856,10.79496380498318,-0.8686513855746654
21.442839316651245,8.229364739919031,17.09221258501826,10.409401278582237,-7.199501593878706
26.21337298871897,11.3936430066107,19.752424095196492,13.193774978046921,64.61735515045513
25.883830014264948,10.658026545447939,19.443901399317422,12.323658983151367,-13.202530301181628
27.297948593929792,12.689637738520663,20.33451982210002,13.250554700993124,28.957916044162793
30.67866775246899,14.347699151475164,22.856599054199584,14.853972698538378,49.30228877082606
32.491901552720044,14.798243518138253,24.084702833535008,18.2425517185232,38.63574524593214
37.49636716145166,16.547971287805964,27.908298801391595,18.2425517185232,61.0082127365964
37.10403642046507,16.547971287805964,27.218091076856773,16.945972832121807,-14.83773617808076
36.839533727539944,16.21076141512812,26.743345985634193,16.619342587442368,-6.919702581925312
36.989332781711646,16.402359065720095,27.12292886345658,16.738772700766397,4.569786420688963
35.83321710599279,15.443242340180882,25.431358738586727,15.738815558990748,-34.80145339675258
39.741561751650565,17.978849421080238,26.436378177588168,16.368439725343833,50.4368701262292
40.07859856889909,18.91913334208524,26.723760835066958,17.044695891261853,13.36651703898816
39.71796231703831,18.614202701746695,25.407461125252805,16.801761625397898,-14.916243055519594
39.13549574691679,17.388321000281465,24.313037270918716,16.801761625397898,-17.397278688201656
40.551750746654825,18.00303338874315,25.055893524949212,16.919939298572586,14.162549997380394
41.361192950970995,18.54919320137505,25.81826202357224,17.238111658867624,14.411840629395698
43.717425416666735,18.54919320137505,26.389102940151783,18.553088637272488,29.908838028071013
45.594523556393845,19.766993514846135,26.871793258016954,18.855484269833113,24.223798991930746
44.7088507019785,19.766993514846135,24.00478993750128,17.178636962360272,-38.60584416274439
47.90396560656677,19.766993514846135,25.152446115416847,19.506497070159615,42.51951785996207
47.618865482056655,19.243289545951242,24.969433692163534,18.699142719762698,-11.992109933759053
47.3038005047024,18.2932184553511,24.788900479414515,18.145165054462527,-12.754157949211939
47.71813866185474,18.64232824024041,25.35919253817504,18.53643367072755,12.639845388861875
46.8913816806719,18.145277738927057,24.356389390557887,16.157998071143222,-34.385385659506895
45.860686072704574,15.515611287080848,21.88776631886152,16.157998071143222,-39.51879477818474
45.86335301429653,15.516344715470062,21.889597350349252,16.161078132095827,0.044746478782025534
45.43198939632265,13.979513020307447,21.63276659617808,16.161078132095827,-18.144362220309254
44.80111304945681,11.688222298537843,21.03695399529573,15.753716512048014,-27.3311796222902
45.15381714232945,12.672215650089848,21.33769573722431,16.461408684959093,13.987864309870481
44.70690017451482,11.857718367292277,20.015517490196064,16.292710103982557,-16.127614286557147
44.14808601203888,9.866814914116066,19.682803610744784,16.292710103982557,-23.505289169788618
43.35297840911632,8.091950066596443,18.938412863000778,14.193330367205586,-31.854516812797733
45.81289768468713,8.332973748138597,19.583256944917053,15.383989076791588,32.09806952398923
45.08484308969265,8.332973748138597,17.226478219047923,14.005560934590447,-31.735377341875477
45.048480558656586,8.30885460873224,17.20620123742473,13.984337549111459,-0.4925341153935152
45.88745896118549,8.631724531384032,18.307480624740847,14.6772802338115,15.54889646501838
46.5429918021655,9.502174954796397,18.96060130244477,15.177385522948153,17.51094414432244
46.0247826525535,7.6559361607420975,18.65206335170523,15.177385522948153,-21.79732857537377
45.348894985266064,7.249589058143598,17.83225499735454,13.23297461891623,-28.11062819080444
45.152912237093,6.902719221933367,17.247131698518928,12.84112936348003,-8.151055911132904
46.28904719342914,7.876363097681752,18.37815634507624,13.647400701120828,19.179323535023336
48.0439204361607,9.495350387466784,19.474892329375585,14.047802088482037,27.486614735015632
49.94044179148566,9.495350387466784,20.132863949529877,15.376668210078549,24.073494809623213
49.75269405846835,9.40327019479553,19.99280065645192,15.287622631312296,-2.7379952356903807
51.98904428701578,9.40327019479553,23.2478333856856,15.287622631312296,41.236254062542514
52.83754581585326,11.18905937347772,24.842122845774178,15.287622631312296,25.343287188947357
50.540541965732835,11.18905937347772,23.11425591543193,10.398502552157662,-48.89120079154632
49.98970916486734,9.652315613421223,22.644574901258085,9.29326995170706,-21.8454353993411
49.90579550073923,9.652315613421223,22.464223858603756,9.102483598319468,-2.88168992536459
54.2420146199473,11.534411431020919,24.73866419042686,9.464314120350032,43.362191192080665
53.462911307390925,11.251638771369743,24.170380680409473,9.464314120350032,-9.939994903730346
54.56210123689684,12.265714592686487,24.857336934521673,9.715111250325398,17.21663387260375
55.54824404319034,12.902733732699115,25.638841823614424,10.143396603889729,14.586873521428757
55.177239197801335,12.589036081701888,24.28469739746363,9.893477774927018,-15.345097504879163
58.256540011562585,13.706656899044123,26.53076136182012,9.893477774927018,39.286489869242786
56.63955585612006,11.944561104076271,24.5284982197699,8.658743763781493,-32.14467759285423
58.28386427405486,13.461544988894778,25.556134955759088,9.03391808165188,25.754835670618572
60.3710104345838,13.461544988894778,26.085442507750447,11.668889803070375,36.80331022922361
60.40618869647338,13.461544988894778,26.111904524948518,11.743765927699023,0.7487612462864863
60.14562559328528,13.24538112607827,25.730661739080823,11.518397531276099,-7.843483903006073
58.87829348188629,10.347320797365366,24.655145607736472,9.474200801629992,-40.72223085606514
58.67455691285877,10.175658041812943,24.374724059805537,9.28180788760573,-6.215210180650167
58.56089168935024,10.068821169470779,24.25947391274608,9.129509578975695,-3.0663680495029437
56.89331743247376,10.068821169470779,22.09255621558669,8.475307777209537,-28.9512316345372
56.17592687530454,7.782407644004884,20.38520816778878,8.475307777209537,-31.867836500931553
55.60973769446964,5.9778918358493485,19.037710653467947,8.475307777209537,-25.151187262124516
57.925234243678695,6.605676220417716,19.23169551772913,8.742951556533283,32.866830461261934
59.37430641619916,7.163332792801805,21.133810410698857,9.93979280837452,26.855844099137926
61.17035703269697,7.163332792801805,23.747982138111144,9.93979280837452,33.11753167534732
60.10746791875092,6.777561128349978,22.97270324159275,9.93979280837452,-13.56060512846258
59.770964988385344,6.538898133613858,22.806748791306784,9.83038061590065,-4.873709007981425
60.93333666626362,7.108979094563578,23.673899634449953,10.381673870603366,16.951299837205948
60.406206385542625,6.214057935250676,23.188187222703156,9.222872278511531,-16.834826209932167
59.861860145291054,4.2370374051343065,22.674095434675184,8.871383801573957,-23.582473717623337
59.459017615008015,3.994846427392515,22.185473304404294,7.7124761214948565,-16.754495068207305
59.45066847218898,3.976209201384411,22.177656721286183,7.6904312797786964,-0.33449297846466575
59.189305348018614,3.755991916343083,21.817918397421412,7.44362034486583,-7.973172209309029
60.339890599509175,3.8878839949302346,22.69124819050103,7.44362034486583,14.484128415341926
60.765573821947044,4.211457023195137,23.173481255800183,7.864806703898283,10.344391855392983
62.702030238300026,7.482265119217232,23.693259198791523,9.287978896890474,32.70808096022095
62.21291149011589,6.7378919301135385,21.817886558970976,9.139128941924554,-18.75372639820546
62.068878540668585,6.434754606543737,21.54725627086304,9.139128941924554,-4.302017472514635
61.32670592960387,4.364200479871373,20.91442470362664,7.649977672026644,-29.43376611686864
60.63914590239763,2.093357977649822,19.375558471967675,7.342127254303977,-29.43055457992977
62.20487567875324,2.527440952160266,20.28893464427187,8.398261500933966,23.60023485075282
61.693546973710745,0.6703373795524259,19.80602529575898,8.068092695750726,-22.152069502966143
61.436340124651686,0.401346823512952,19.172857120962554,7.369547677628482,-10.52319402265794
60.82075835270978,-0.0824206217474876,18.002370892138863,6.959204350692868,-15.625408367234845
61.19199982816915,0.3924087748305804,18.94307714960546,7.255183599225858,11.32513327758552
64.53167934081976,0.7196316472653583,19.81854188156503,8.871666927948372,43.57755404799908
64.64144702827106,0.7196316472653583,20.030898155976473,8.946143763283423,2.517299673697212
64.28730718922952,-0.013838923134722902,19.198031663633397,8.705243659501049,-11.558913343598496
64.07897988972329,-0.3675209543313566,19.006073131223776,8.24727337175011,-6.653296177891919
64.69376595634546,0.6483643451342007,19.678111537089887,8.727710547618937,16.78818697304758
64.42306069413002,0.16819090300431344,18.990659493142218,8.554665810989258,-9.10250264607221
63.95156236866877,-1.5442520247204725,18.545366774528883,8.250215782605851,-20.42651541591361
63.406804967089464,-2.5449236792213843,18.19567428554973,6.707556834870558,-22.91402242700953
64.28997194393645,-1.085560174642025,19.161086742755927,7.397725775276523,24.1169622096209
63.80257471573579,-1.085560174642025,18.794453681821246,6.360311939511619,-10.374138357649041
65.47373700557037,-0.0013643527243327735,19.22418819586312,6.62953184179092,21.566213579931823
66.11954359213834,0.6043177658225896,19.97667638781804,7.075918079354552,11.621079162675649
68.95538807962923,2.4441215740154383,20.705905535784787,7.532765257181405,36.5963427183093
70.4390696206612,4.00101604699495,21.5913390401956,8.67953514827946,26.195580758325434
69.89246670101929,4.00101604699495,20.416555320528527,7.436777143691827,-18.770961119063312
72.59661204306778,5.174725331174453,21.83493780074552,7.662421257575679,27.04145342048495
73.46696722708266,5.174725331174453,22.965914753213532,8.003868079035714,15.11048424550105
75.78525709879634,5.174725331174453,23.77021307476729,9.628261530715436,29.42721369163722
76.80543762352227,5.567328533016442,25.109346215543585,10.470865618676958,18.907139095329846
76.02345950329526,3.075066357500105,23.248283502007837,10.470865618676958,-34.736937409704524
76.07499757700792,3.162563726485639,23.2957721077573,10.584162850985255,1.645958401328568
76.07071781600534,3.157240573649188,23.294653851875324,10.583294306724971,-0.07541845434522365
75.31535779910325,2.949511059757654,22.776049327616086,9.710926160290294,-12.673581255439437
74.93887443258009,2.949511059757654,21.55733854003824,8.998128973027029,-16.41063978126929
75.87938424102352,2.949511059757654,22.926261068168863,8.998128973027029,17.342141188000237
76.28635601472476,3.287135955931235,23.52172163367869,9.350130368874058,12.250685215777647
76.01878797421782,3.1935852619403065,23.31728980003303,9.350130368874058,-3.261856352510584
77.04231996277312,4.2676238961280095,23.928114623581582,10.14124061362007,18.07127346632682
77.04231996277312,4.08959533881666,23.928114623581582,10.119117121668733,-3.1370664329387647
77.27541187317141,4.08959533881666,24.682654268514437,10.560430796798903,10.160309106879893
77.19645650433353,4.08959533881666,24.580056267067103,10.52945601751105,-1.3707666465764392
78.93516995785691,4.259955042030026,25.035843207633516,11.3710341690671,22.687470222183986
78.27039429635307,3.035534041346799,23.26557039335905,10.889638496343006,-22.586948783896695
78.19876390328683,2.9464403910713775,23.24685413599651,10.875101664327858,-1.2622792548308504
75.05263512682619,2.9464403910713775,22.448984895973606,6.903189914834546,-55.47668657370155
74.57598380120811,1.6971458651845932,21.07099994226334,6.144336847465343,-19.935752993480808
73.74689101754372,0.6401499271631721,19.58289513372686,5.120503117096053,-21.690045618560408
73.35929793596685,-0.0473575952372326,18.598608186478938,4.872739397351386,-13.032872068237852
71.44785999938946,-1.8107862288146683,17.404024603030916,4.436615361139441,-29.9388906692862
72.18705808284014,-1.1975016147556001,18.144497073541167,4.975832879519338,11.950758667107346
71.58085027011711,-3.1996576619938,16.787709745229105,4.704407373397597,-25.94832656519981
70.67925064116605,-4.73032401656816,15.956950924831114,2.722401930589646,-28.794158900471373
72.62581130952226,-4.206746582801988,18.161586769367876,3.5596424605823427,29.495976306942854
72.90073641983469,-3.7102527908252667,18.858407659884854,3.5596424605823427,8.97339179540248
72.67430989792676,-4.054843614292963,17.990246082165097,3.4907357222612094,-8.68161577719757
72.67430989792676,-3.8814753050943014,17.990246082165097,3.5122800882387746,3.054947540642677
73.24481897677288,-3.408179413441382,18.82498618128454,4.005729523984289,17.173493567191585
73.70362965066211,-3.3555857500176347,19.173237673619692,4.005729523984289,5.77573257638414
72.55280400289777,-5.777657977917059,17.010897196585965,4.005729523984289,-34.37319074210429
73.19933721889021,-5.269566711357924,18.240235458843124,4.436704908436962,16.41105371102011
75.5353450086002,-3.612765047808062,19.392293445927788,5.196245794546153,33.83335234274394
75.1350432054565,-4.348084414722985,19.135330376718738,4.062660171617605,-16.83781527009132
76.64529877160612,-3.938619385954078,19.261854737594724,4.237227699091175,21.437006098226416
76.53248946668312,-4.2787932137722615,19.19721465472434,4.038875486508957,-4.566637984364407
76.53822737917824,-4.2700608798786135,19.21921488297765,4.040621663730065,0.22000228253308385
77.19021243017959,-2.8146788109899035,19.829612315789113,5.762104642540215,26.120576249650014
76.29304174936878,-3.394224584570841,19.11861663754691,5.372460201809744,-13.270811453068983
76.81368533976617,-2.576964536164634,19.296441099242635,5.786971965851823,10.180462932777633
76.7165982806705,-2.6590550607468826,18.942079420251837,5.721571515107895,-4.015608978699103
79.58668546959044,-2.6590550607468826,19.637411152344956,7.323322884886279,36.43145322441738
79.17623583544047,-2.9995651994576167,19.036861956902094,6.968313389186587,-12.355375949471838
79.36911174880154,-2.9995651994576167,19.181948310300545,7.378845352704855,4.105319635182674
78.99462709157164,-4.236396374072182,18.34379342857033,7.211172344389651,-16.029569358087198
78.94647720428259,-4.339084569472948,17.414954417764367,7.101870537198054,-14.558564353698534
76.63468347861243,-6.165744837074275,14.708499610387442,5.777164641013666,-37.17369667767612
79.86890859379756,-4.542478232579418,16.063549394466946,6.76919447802838,38.42752151547468
80.44023746818029,-4.542478232579418,16.19862676219701,7.2497711367484925,7.5716442947755045
81.03490784413401,-4.304431826950508,16.54631889597963,7.630582238237277,8.713929208572349
80.49421333806015,-6.02769291462156,15.259497233532654,7.630582238237277,-24.018665905647318
79.16961380117324,-8.265032651601762,14.903952116815265,6.657085901408723,-22.37339736980203
80.55758853791336,-6.270981338357789,15.7781050263899,7.566845421195151,28.422549902049393
80.28650379425746,-6.270981338357789,15.301199282006115,6.670961621302445,-10.252278213413124
81.51362324394047,-6.270981338357789,15.652920523211906,8.250086389409798,21.317345050851372
81.03130314474386,-6.724326427342417,15.163875055774161,7.603833005494117,-13.011639762435319
81.31510829532782,-6.308900705937842,15.43364763021561,7.89693789445517,8.39102126585995
82.00433129439088,-5.863682995746078,15.979847572055107,8.196269912043842,10.194881158419584
81.74376500644128,-6.068454308328534,15.484398769569273,8.022577898475586,-6.613994828182419
83.21674941811989,-5.702453614555644,16.482051539241994,10.775297417319603,31.385831475766732
83.44177298135715,-5.531407277867417,16.73696833404303,10.997943860262845,5.468225647917594
83.16786339257892,-6.507272928337801,16.573884561259746,10.997943860262845,-11.521404651027066
84.62098521973404,-6.507272928337801,16.990383389309653,12.867900912064767,25.243426300830695
84.7222565486122,-6.42768679651495,17.18294382762903,12.935407807020345,2.5705859753153706
84.40475159884922,-6.75973795803911,16.401339332003417,12.073099895324114,-12.990191364394557
82.25353904079546,-8.603282090627498,14.259802880217189,10.546466974596939,-36.315053430422914
84.62436291066739,-8.33151353827003,16.059331526200754,10.546466974596939,29.845087390870788
85.5153704126407,-8.33151353827003,17.3562028945104,10.546466974596939,16.429363904627714
87.14463713366787,-8.33151353827003,17.75092290704069,11.455735589228006,20.681097970246007
86.8282263512505,-9.48069133455686,17.452098054665296,11.251426758240013,-13.707725724130604
87.65309237565428,-8.454725652163567,17.667626744952923,11.41882691225944,14.535886598539099
88.82634892230395,-7.588380967430329,18.82216553620463,13.06025140717204,28.12880982735542
88.24546787778662,-8.195874569288598,17.39220598389729,11.482643496443165,-23.7657898998497
88.31355468784665,-8.14236716595083,17.521668351323143,11.528029778873735,1.7282581455494026
87.90748382909662,-8.861071917146521,16.309308984757827,10.71613719722878,-16.888763446823354
88.40493700570718,-8.38153194182095,16.814441888493327,10.994406943962922,11.028870746099564
87.85639516581944,-8.895992448426314,16.17528572952264,10.615250810924701,-9.870831728818787
87.05415203578008,-9.452343532932158,14.73689762829251,9.633844813757491,-21.38836138558231
87.17007092099885,-9.354012161095156,14.88391234279586,9.757679080348344,2.245803928250117
87.2418236365807,-9.337603526384195,14.918091968939464,9.797084811683895,0.944485747994233
84.94316741251396,-10.864699543547022,12.996909543655786,7.8520797137420395,-37.46201554774977
85.4456337750642,-10.726517629090544,13.341885876895322,8.43238002026534,8.430481004306316
87.33945014406686,-9.643853271182428,15.19858907617642,8.43238002026534,27.5980570254535
85.93762637983919,-9.643853271182428,14.14410023661706,5.44863024868255,-29.837497715827894
87.27085691000926,-9.643853271182428,14.526235404473784,7.164304588562249,23.160691692488758
86.09644556965522,-11.104582282402973,14.219374253017826,6.9259669271225865,-20.69561547981538
86.98567536711478,-10.860037602474423,14.829889220383961,7.952941790507299,14.919675175662263
85.92839586152982,-11.464467290473353,13.793329249372768,7.952941790507299,-15.407438949502419
85.85193302293229,-11.717005333490956,13.622193529379487,7.918706064358181,-3.2729414969409936
85.84014379256017,-11.717005333490956,13.599386115848883,7.9107071296121045,-0.27036212985741637
85.9943750937421,-11.323507121790469,13.968786107012438,7.9107071296121045,5.913516165845538
86.87701629646287,-11.323507121790469,14.221771795928472,9.046538352015498,15.333117798236822
86.83730145448754,-11.414324680151518,14.18806796027713,8.98247862421868,-1.2761271878026461
87.16355381889447,-11.143664826625324,14.665423958807091,9.264663520299301,9.820865415070465
87.37202310327352,-11.086334252943411,14.808551886720801,9.505425486954852,3.4977392974503783
86.70741832797741,-12.828251379847494,12.887199041778002,8.447341002100634,-27.796831617767438
84.96132465994414,-12.828251379847494,10.345740210686234,8.447341002100634,-32.19637120916604
86.81868659764542,-12.828251379847494,10.990126017326848,9.748768664712516,23.576424721662065
88.62084047729361,-9.784289506988877,11.4738548679258,11.073237042802146,30.439618728586176
89.10119005851752,-9.053261814863573,13.31560488368567,11.219418340899026,18.417500157598706
87.88668483653376,-9.053261814863573,10.705335324255126,8.458115698713062,-41.707479930204364
89.2131116014322,-8.073814667742047,12.010600705644073,10.313830366429377,31.80106373690112
88.67062411780813,-8.574295454313132,11.671564512125943,10.190053482845999,-8.496992317082103
90.82993364515939,-7.988856964593134,11.85246452931845,10.439643905611895,30.649866514844742
90.69895910437317,-8.210081973717347,11.817308727814636,10.343385955852346,-2.2122500912421206
88.6694616222426,-8.210081973717347,11.08833171353371,8.864757997669486,-27.007872021841727
88.66280657126644,-8.243747255117714,11.081714018277134,8.66268295856966,-3.773290884004194
88.06841426393068,-9.335593886076632,10.700159724972051,6.979466523660767,-25.00180561337628
87.9113645279256,-9.619213737568169,10.30210391706803,6.979466523660767,-5.126009810222854
87.11714619630698,-9.834544598976027,10.235566856019329,6.887664358826957,-11.27336564740383
88.2671582205802,-8.839119148778776,11.370025736664102,7.7622213215176545,19.446383797458687
87.90799840192372,-10.118708270208966,11.156184598353006,7.7622213215176545,-15.107268144895972
88.21906213699403,-9.930359868479494,11.245699093642726,7.830127045257844,3.7864845033250876
88.74142657960182,-9.789856549575878,11.837318657731174,8.054802643551739,7.915319297887691
89.11018590365904,-9.12390532045793,12.771970280800417,8.054802643551739,12.036084623965236
88.94494790891477,-9.466135120372169,12.383363369313335,7.94240114082779,-5.393269696762324
89.05437187935192,-9.272040317388603,12.661243937715488,8.012348957838451,3.6793964487291606
88.88218740222597,-9.585843101482435,12.151846025962255,7.947354162274139,-6.213513992987613
88.11944607696456,-10.230767729898364,9.36788800753094,7.4335511185135585,-31.547674249010658
90.9249233910856,-8.532057437991279,10.175217366459714,8.045991419241675,34.15022446106866
91.077218908756,-8.251551034186235,10.580774654850616,8.156275846646787,5.174514135876617
91.62911733406983,-7.339582582859746,11.184068968246102,8.587568185917045,15.070891253613246
93.54648891738513,-7.1197934596984815,12.639413303613006,8.587568185917045,24.13680880811648
90.74415563216245,-8.676734119599649,11.027024817287568,8.197234112217732,-33.07710466605881
90.34487830846066,-10.126876341218598,10.649939098525174,7.9394177299115185,-17.297716592822557
91.67057773823745,-9.359659907965694,11.883439427330934,9.538394807462822,32.215397885651356
91.39746015677656,-9.823337885818557,11.631781338176237,8.937994679068996,-8.722486995970577
92.66649411088059,-9.088915224032808,12.812557134328273,10.468625346676872,30.838388282890058
92.38602650472313,-9.586404983752999,12.100313761088634,10.289340161588571,-9.430762838861742
91.76903007184707,-10.155625231885681,11.714712012972496,10.14856291243754,-9.66402748095108
91.94158230567349,-10.01928334890682,11.916721741426008,10.247438931959305,2.7746439183104763
90.80692961815251,-11.680154937344037,10.838171278266287,9.075605900385018,-33.547294017615485
93.02737270469783,-10.903814118313065,12.534671543500707,9.075605900385018,27.068877035962963
92.86915659507765,-11.467495249076215,12.440470824982443,9.075605900385018,-6.6550128068759715
95.32075854984382,-9.983055702458252,13.145965830957923,9.61079462954893,29.842607039825516
97.05453016975682,-9.983055702458252,13.747473701422274,10.825624276375187,22.00763095857453
96.80575236321475,-10.77594171974569,13.155396905748962,10.825624276375187,-11.051177611295042
97.64577374625581,-10.693636154548756,13.375600398975976,11.232214356744487,10.960955110298567
97.40267163127753,-10.89918754658296,12.488292920179731,11.068454242425693,-10.054924361089281
96.15769560553471,-11.948169652229641,10.774716874690574,9.892796054863634,-37.97937555735
97.4847206014413,-11.297335070427364,11.764702148740717,10.522181597361177,19.352500603025756
96.63834479507842,-11.962476697806563,10.155377001519204,9.95799227264295,-21.483689429022963
97.31655505991534,-11.118920972896584,10.332586106750059,10.0956297791378,11.951501465659616
96.00062767559369,-13.293386787064279,8.894112156853948,9.067271346023713,-35.93450823036059
96.15492072190978,-13.014745307011554,9.285180902129241,9.067271346023713,5.0360331012581145
95.72353736331729,-13.014745307011554,8.358032274855642,8.086476874073393,-14.81419136373262
96.61518664379324,-13.014745307011554,8.58415764489871,9.212162599351888,15.722734567234909
95.80972041355506,-13.632250017850756,6.717050985761188,6.86381784943125,-32.77872407671811
95.71405702784004,-13.94820276901746,6.502941456326834,6.820985206334187,-4.0948082831785095
94.76064354998752,-14.564079729090627,5.747374119108017,6.406914317362417,-14.102746302365802
96.13404679675288,-14.564079729090627,6.080106470279218,7.173389475419319,17.43329482670676
95.73627047755616,-14.564079729090627,5.983737796156545,6.951396650045075,-5.049173914486511
95.70808739246125,-14.614976232405573,5.912305388869199,6.951396650045075,-0.9198791055224511
97.11212391190504,-14.246611342142764,7.4750022118254424,7.363172835357833,21.561578505228283
97.24861021387174,-14.004513730583339,7.821607174322212,7.450419887683652,4.589371165661672
98.06043335955304,-13.363052916814027,8.772021837608015,7.915611438210607,13.054134994126914
95.9315233279026,-13.363052916814027,8.232122822113494,5.227913836131103,-37.53974581496551
95.56560262362697,-13.546709538721702,8.078812290638469,5.115675434753752,-4.347695424937786
95.99112774187519,-12.93537354073803,8.34680997846916,5.3945893926142405,8.713781733802426
95.58536212910244,-12.981886626159955,8.038821328186554,5.3945893926142405,-5.1079754710193725
94.26312759206134,-12.981886626159955,7.044201606243151,2.580243468004476,-28.143459246097645
94.84931305729597,-12.252791048143898,7.1973656133059745,2.6992052560538196,10.329829567803287
94.91086071098805,-12.236104063268924,7.202521878060992,2.706319430613174,0.873625270517875
95.72492266445596,-10.522797748698524,8.732101198974162,2.706319430613174,24.314636067420178
97.53427483491323,-10.109029453132733,9.593991654922188,3.699993954877058,23.816622468455396
97.3029965788618,-10.533867361644186,9.445528745063747,3.0450538474457014,-9.728211366525109
98.6000481359936,-7.224633345569354,12.552101989738706,3.0450538474457014,49.73137937795681
99.78213395955736,-6.290610044605179,13.935989239016891,3.722413614834528,19.007967434205987
99.63127822387708,-6.868291264571863,13.579645570149033,3.004820799396618,-13.804317709377184
99.67955295910552,-6.821754894057494,13.628665575105398,3.031825146694604,1.0702832752308478
100.81460893299808,-6.509606222668461,14.407956443269606,4.342705592955525,19.0441958704627
100.74557046598453,-6.663716116447118,14.343321674473007,4.160418367712485,-2.7658986030689414
100.01325992068901,-7.461745786764268,13.436523417703052,3.60122381162888,-14.557895510070464
99.39094976668247,-9.197901012972123,12.905895496117385,2.3525736427958766,-24.68015021317396
99.4205843856885,-9.122292692910397,12.976873487712304,2.3525736427958766,1.1362466452522604
98.95830906798173,-9.402199372579673,12.843844988777633,2.2516581824674384,-5.62713723723117
99.45382572940473,-8.88893327055139,13.227702417616646,2.2516581824674384,7.771831293930336
94.86813342904418,-8.88893327055139,11.636760462797326,-0.9614725976871266,-58.208487598254756
94.24770140984758,-9.105856957924765,11.162727558506775,-0.9614725976871266,-7.563534565948501
94.32943944657421,-9.036744571828073,11.461066268131487,-0.9064116606823529,3.3807594672041614
94.7124429785303,-8.714036468929706,11.988229574192829,-0.5447330187657746,11.68394786660468
95.99516037098235,-8.157284844270734,12.661042476751296,-0.4376982285558712,12.827173924520473
95.90459456478254,-8.251999843723398,12.438095901182718,-0.6836648230091009,-3.705350592122894
97.78317918962021,-7.595184122977069,13.873403715922045,-0.6836648230091009,22.90136438061035
97.4811831499575,-7.851360541628178,13.490395705895368,-1.006282298275465,-5.8508489872935465
98.53021299245297,-7.851360541628178,13.756433335840958,0.31809259322669137,18.49787593375351
98.64587455652699,-7.851360541628178,14.130840304060786,0.5370750101865593,5.04160457893731
99.24732235879753,-6.508789350076015,14.693924064819099,2.1251208597981943,24.09589476823725
99.45397139714613,-6.159744908921615,14.749392192666905,2.2769947478974624,3.490444411543994
99.1496935371575,-7.0086360822979294,14.489942258593347,1.6664686319392796,-12.067332089496407
100.19940333695962,-6.100030060804513,15.525455435282035,2.4647481236704785,17.750301050813714
97.10931879772748,-7.441252685269222,13.904639532866067,2.206899783627843,-30.90084539232139
96.94642618750642,-7.611608078052814,13.503645480496115,1.7645016835184355,-6.66448249136586
96.66765963106496,-7.825322390788327,12.85745216495171,0.9517550348114511,-11.344500479814094
96.17994288354602,-7.825322390788327,12.71766109584387,0.3241343121288588,-8.472546170322603
96.10634070590406,-8.013107393297073,12.541376233029352,0.3241343121288588,-2.8220449674725563
95.32990815928993,-8.817351806681858,11.939904225702023,0.3241343121288588,-12.177799927196627
94.62227198304447,-9.359855832285268,10.299571996598106,-1.7389859490999213,-28.79749652694316
94.25975866485562,-10.515231165268636,9.436811259193414,-1.7389859490999213,-16.10352274364751
95.00537170908483,-9.525167587247415,10.179680672148889,-1.170158571190302,19.917214751981906
94.15233766301579,-10.75068964811781,9.642435884042133,-1.7292867913018124,-17.468187352954747
92.16283794661238,-10.75068964811781,9.16044276231884,-2.8395958816406557,-25.253715684302247
94.1680786558874,-10.0228949648402,10.623079630024499,-2.8395958816406557,25.58336244977002
93.21196024425018,-10.640519232283374,9.865368669221025,-3.254841533045365,-14.142757269083168
90.31865060063436,-11.753971805110172,6.067485121763099,-5.644530881510564,-53.62208604442812
89.97725537712509,-12.881516678174378,5.303389536912444,-5.797388316508494,-14.613197919086033
90.57500501437335,-12.519580598468288,5.475403343265656,-5.666898589946174,7.276225040495797
91.61054478641506,-10.770482688727611,5.753359887008209,-4.905842779001135,17.490979097406758
92.4765627758646,-10.770482688727611,6.8787009023532155,-4.566097471274338,15.035184975325864
92.87881641360124,-10.7310697479682,6.984147808802444,-4.371397262210505,5.24877598975371
90.99500190040754,-13.437475494779203,5.797712714403801,-5.6061590640823304,-38.576215106916585
90.94919472191987,-13.575605973096925,5.771465058543117,-5.686701668359354,-1.8543222244048612
92.37550017505478,-12.448612906295773,7.441264231177304,-4.869398972817149,22.93502473676925
93.19018144080484,-12.234872044928384,8.348006903521703,-4.630469045275645,12.510938159334614
92.3242187625333,-13.798734630476764,6.153151424726314,-4.630469045275645,-28.2645058630556
95.1497434179857,-12.087885717853148,6.9662497867205575,-4.013652377042443,34.39425466686198
94.90003141721971,-12.238013842549623,6.663365159114926,-4.732030238715354,-10.385692102486178
93.87650261425202,-12.515516048233565,6.577617203248217,-4.850337958572055,-14.528265071631534
91.34275253106026,-13.758184559280727,4.687392619520967,-6.0520528287380015,-36.95062275702384
92.1597941446887,-12.475665229321791,4.966451053747713,-5.401562998828796,15.97611497672052
91.86756535182573,-13.356874338222237,4.799003045796008,-5.915387879534876,-11.829725451493392
94.17141271000986,-11.536492880705612,7.4961549105077,-4.595235417225278,37.04591890436746
93.97618101439319,-11.686165812012453,7.043599129425724,-5.164435354116411,-7.945020711490655
94.19881345226236,-11.686165812012453,7.522090835342395,-4.658257589050638,7.64544916412485
93.67403286458928,-12.234988763630241,6.230234230119316,-6.083502937171678,-21.47053223353416
93.6114537026509,-12.234988763630241,6.095736264605757,-6.225783103677641,-2.14903904351313
94.98668653447574,-11.705748300823227,7.900926440996361,-5.089928440792555,25.487369940493334
97.51012876542673,-10.30375595644471,9.352848387806992,-4.738440810486044,29.785237620401738
97.9561420189223,-9.939945295729652,10.261161684074942,-4.404721163574297,12.412783974013784
98.44722080938239,-9.106229577726495,10.713655256149417,-3.3251723213994158,15.683458900276795
99.54238236615863,-9.106229577726495,11.027554267504593,-1.9158582242012143,19.02499124943164
99.38084142673695,-9.122057410910232,10.985207870284261,-1.9940478332616594,-2.107854658492652
99.68489358914165,-8.87404366416763,11.604415079277995,-1.7665474630704041,8.461931969917856
100.52789765334317,-8.54962451799716,12.71097872445701,-1.0702798384211234,15.623504579317936
100.85518105538796,-8.051543038550237,13.965844419016541,-0.9706800585387974,12.548656945595306
100.80908431044709,-8.136218723347461,13.936253842687561,-1.101218084893906,-1.938958230443411
101.86223319882293,-8.015495816661762,14.735626422490567,-1.101218084893906,13.257551945802373
101.88572949449166,-7.978455558604221,14.750914100471524,-1.077049925193843,0.5279596247262776
98.77872412527482,-9.327022512879996,13.121222858247512,-1.336310203281637,-31.070053692168354
97.4470351828974,-9.860097269866676,12.342610388831416,-2.1890884035978466,-19.51374011712739
96.77004985772538,-10.379103047848345,10.77332820006321,-4.162845805780808,-27.55014964592472
97.08944881542136,-9.851321558637437,11.122471386642971,-3.913244942094987,8.721943635219047
97.12610772336544,-9.851321558637437,11.170107548004292,-3.8988633794575818,0.6364457420601142
96.55809439072024,-10.746754639576785,10.800534188832982,-4.483118750120582,-12.763207876301305
96.09859505320664,-10.746754639576785,10.684003552847557,-5.06322558847062,-8.102497557885437
95.94940159003971,-11.0113920469395,10.305128940812478,-5.158595524501057,-5.016651254354871
97.54817765699315,-10.227278140916,11.497845557055575,-4.4003230388014645,23.315547857244418
97.14811234090178,-11.43366577042029,11.268606885623623,-5.103756507151325,-16.195060061193644
97.2331927996723,-11.382514965956139,11.371804020691926,-4.858994870328793,3.5385541985100657
96.96612574541334,-11.382514965956139,10.507283755061557,-5.364633796277872,-11.641261247111931
98.63000969208032,-10.778614454474393,11.720932566758886,-5.364633796277872,21.228247504173943
98.16430529366414,-10.947640139809115,11.38124445877984,-5.364633796277872,-5.941573180728414
97.78304729201858,-11.212040412930346,10.697664939639747,-5.831037153654806,-10.164604239041697
97.63974154178726,-11.32190470336996,10.365475816738241,-6.248846483897805,-5.8318765816545906
97.92998673247901,-11.133603049488793,10.440111521919965,-6.202088737896486,3.745590605461632
98.44019353766414,-10.794650764249218,10.866534723927817,-5.770377885834379,8.315021214698339
98.19748323954677,-10.999151697855062,10.532470015654162,-5.999574547687422,-7.4041470463949555
95.40870860858577,-11.974200143911625,8.401743526976027,-5.999574547687422,-33.997267493104644
97.3190486545425,-11.974200143911625,8.853398810731727,-4.392680729661869,25.317143870379173
99.44161999580865,-10.597144789131704,9.399211847207383,-4.050740002209793,27.391610714791266
100.75205800050058,-7.253757244327204,12.537847024658156,-4.050740002209793,50.24464078107927
101.35411236758193,-6.388808287012264,12.917023649977974,-3.656118488299767,12.328697229970231
100.76267961821486,-6.787869267346961,12.3599861063866,-3.8885965488932106,-10.53025710969011
100.70432212053468,-7.011341250709493,12.222137023383393,-4.166192365011072,-5.340104803232059
101.99450867584223,-4.295964659572242,14.64632926908621,-4.166192365011072,38.535662326120125
100.87632655214271,-5.22367795798824,13.526219384938445,-4.981864650068143,-18.077867090544544
101.70785900404745,-4.686532542512486,14.185197651022786,-4.6207271272961705,12.299900813034947
100.66207071926428,-4.686532542512486,12.826255383574203,-5.030997660887026,-18.15622827504795
100.29138496609424,-5.8043267852797635,12.613851293148022,-5.682773144870051,-15.005744799547582
97.98148567733656,-5.8043267852797635,11.812463967268577,-7.301287431836249,-29.320707822523836
98.71360337709966,-4.59456025176958,12.612760588430502,-6.729159045761539,19.992204601237248
97.7746655348067,-6.023497822926918,9.012697523038725,-7.014899177498403,-36.000630653917774
98.58055982851454,-6.023497822926918,10.185685666325,-7.014899177498403,14.859954142547242
98.56135307629329,-6.064459636882379,9.815176372567121,-7.058499128531768,-5.807339414111161
99.76125790438432,-5.7317979830179775,10.515146760536668,-6.249125377849655,18.08615775795841
99.66743928767373,-5.788202212470997,10.401350800800275,-6.519025170614598,-3.901980135710006
99.67108551513051,-5.769757384050849,10.40497656147914,-6.4083105331854755,2.067343567014044
101.42216701134787,-4.60827116414857,11.381439043815725,-5.386272832826145,23.718573794160687
101.20107172277692,-5.101807201528176,11.174446573139978,-5.970046610132021,-8.857774169340772
101.76916917217704,-4.285642875880962,11.53223697462913,-5.597682438740823,11.633337176385002
102.76880246135482,-3.795376365661091,12.27798195968138,-5.123573253195343,14.578025200197162
104.07361784309444,-3.471161573450213,13.161733796552914,-2.6851287310911434,27.802545195708202
105.25284611738326,-3.0588641136174486,14.062707612195934,-2.6851287310911434,14.375682649771546
105.04063976888537,-3.0588641136174486,13.68938366475237,-3.3864305723152155,-8.025529191028081
104.87038068338936,-3.2759244539392234,13.383792579151763,-3.596680858009659,-4.45417859634587
105.09392860051956,-2.989999713267733,13.950251173865082,-3.4184530766405588,6.819577344620696
103.76886993685399,-4.089272003518509,12.011492193053783,-4.564533786237566,-39.88698388926154
104.76243189771938,-3.4446812696686964,12.266983756632115,-4.404473536171076,12.82183638492696
105.40789301001819,-1.643938221822287,12.817351907108876,-3.109371533322234,25.598292275541816
105.14307198437966,-1.8678537170239182,11.85077176603296,-3.2877620892269435,-10.953238240067972
104.59596546045603,-3.01931529582373,10.82278756683864,-3.2877620892269435,-16.34113467979288
101.22717531294246,-4.481507512753094,9.055784569454943,-3.568866679234117,-33.68790147513558
101.33060442590201,-4.411720164560159,9.153198686411566,-3.528211170022854,1.8415198570873081
100.93477237973576,-4.411720164560159,9.057301048409036,-3.7491189266222507,-5.024494283763542
100.75398447721123,-4.5290094845517945,9.010811965985019,-3.778243387931004,-2.3330531943117943
100.10783821989028,-4.5290094845517945,6.919177954574782,-5.0015942069391315,-28.165051680329228
101.43376588501678,-4.5290094845517945,7.395439097535987,-4.0355650625590345,17.645000797124368
101.53959061772167,-4.334618715273747,7.463370463071984,-3.7358876826361533,4.451284721422845
101.6312857485255,-4.0581141870425395,7.515912058448493,-3.5746604497375185,3.7119142573904305
102.14007732172522,-3.6294205859172557,8.216209119559847,-3.0941973995049343,15.521251686302747
101.55606060625573,-3.9805344051004656,7.507834332453794,-4.774311602880201,-24.289652763846227
100.81201292313919,-5.878861336680333,5.725762823867388,-4.774311602880201,-28.52817792854945
100.3245834842188,-6.012907987466297,5.391110331512846,-5.337245709311452,-8.17818849584608
100.07445040005334,-6.904064394118886,5.2421829162822275,-5.337245709311452,-10.521298258065187
99.71299543056608,-8.216838952933935,4.900817406952318,-5.570639911956953,-15.659155309124797
100.42915916905518,-6.218845814957016,5.51147187502244,-4.133674811485353,28.402282253221543
100.24140049489255,-6.561032263314409,4.955998593525387,-4.204548428238277,-6.7755303421515745
99.79027337686836,-8.168275954341073,4.6874007954694585,-4.204548428238277,-18.97567039909916
99.32397428684857,-9.209163829471994,4.250845130530127,-5.435751421728478,-18.681411356437717
99.38025454311068,-9.20364947186801,4.265598456194007,-5.408510455749762,0.7343686422026483
98.83842796881513,-9.20364947186801,2.5116567158496497,-6.434352478224875,-23.617831557337645
97.60371282811002,-10.022631697727634,1.8231376412800764,-7.155007356784828,-16.724339925265557
98.21419346503866,-9.787696167287947,2.6244809652305063,-6.650789262212181,11.31411748966324
98.92617537550474,-8.84228974874661,3.3338429968586283,-6.107619039555767,19.018841904702708
98.53387756306452,-10.239940563465053,3.1002717385731784,-6.107619039555767,-16.501144998235112
98.07967393731148,-10.513010092984953,2.549351896429696,-7.414283630891581,-18.890637992702523
98.2630303524332,-10.188487601723613,3.096778195319808,-7.047683294948788,7.625918124192609
99.03905369985273,-9.523451836879818,3.8693110069726018,-6.496969333658341,13.100206773751667
99.85503977508137,-8.77065040811085,4.379274501542417,-6.310789529537323,12.780806233067716
99.74635197749427,-8.77065040811085,4.341566786800061,-6.386945556802134,-1.3796286151673063
98.67722553942696,-9.294999580402012,3.543978623013256,-6.894014169147121,-15.591469717021804
100.1787788446556,-9.294999580402012,5.729506225450945,-6.894014169147121,27.6872704429111
101.29719388538133,-6.941139971286368,7.830948887406478,-6.894014169147121,33.405141429013895
99.25512722149077,-6.941139971286368,6.294852438153313,-11.240506287075558,-43.46492117928436
99.08339234719516,-7.420255405304071,6.148418511558093,-11.585088130073206,-6.8108200825075755
99.28633802817224,-7.420255405304071,6.584598549061018,-11.123670233337531,6.969383715327001
100.42721728453296,-6.925067312232123,7.1830142939925326,-11.02847095360689,11.4087925636072
98.009009447943,-7.802746883761834,5.419156259786756,-11.02847095360689,-30.85210033698281
98.6772479938096,-7.1862523780854755,5.836782582589993,-10.8760020263146,10.466633722634088
99.31908246114908,-6.771646260385554,6.345427751436615,-10.597251017819744,9.493917247101054
99.28276471769101,-6.80235419035981,6.212870264693955,-10.621715625299712,-1.5021348681764073
100.89463660939332,-6.21733126145184,7.38858111273206,-10.621715625299712,20.564664699494198
99.74432767647114,-7.47087139466446,5.964187948081134,-11.500095019447096,-22.867453373928708
101.02214502193532,-6.291999900930131,6.762780250936602,-11.208541290403009,20.014478665036577
102.70995857968856,-6.291999900930131,7.190815660898399,-9.077717354919999,29.761751788068338
103.09902865869442,-6.291999900930131,7.483484444655389,-8.24959060390646,8.28126751013539
103.03980165931019,-6.341134781553217,7.396826487455932,-8.300817710556828,-1.7828541747074658
102.2511443583776,-8.14458978456697,6.727535745411093,-9.572915735121395,-25.341332698849808
102.20719284936513,-8.181622101267804,6.667041204592976,-9.614420109790291,-1.3407895674947161
102.32705251013739,-8.06896291773186,6.78857216282369,-9.453821968642787,3.233476545169958
100.20252101809899,-8.06896291773186,4.027864584563527,-10.287291497372395,-36.88459634540204
99.77647495891202,-9.426825050794159,3.0138995969350426,-10.287291497372395,-18.92576647455675
99.47679392393829,-10.381946030352768,2.3006760607298262,-10.287291497372395,-13.312394663594894
100.01241170374368,-10.236727727879435,2.3455483980895666,-10.225380471459152,7.602714314955282
101.52630697234407,-9.654124830352423,4.332752894462256,-8.974999474026378,28.057219017074488
102.80183172291702,-9.654124830352423,6.189293411713585,-8.974999474026378,23.51951049807211
100.3431204703053,-10.546504966606793,4.395891897132893,-8.974999474026378,-31.368853047889615
99.4041931420068,-11.212434406709603,3.9328374789827563,-9.280286852805414,-13.598866948340952
100.20060712968986,-10.821836063638395,4.526977093749503,-8.902561149644793,11.61440230925351
100.17555477868576,-10.864368014133492,4.503893165029871,-8.95763426020386,-0.800090586196589
99.90636829645818,-11.842031057324146,4.2496679132904935,-9.1314500040338,-11.6618480534333
99.75651082806758,-11.932126129376073,4.067900423669739,-9.562563796594539,-6.232674125347101
100.10845849173062,-11.146497198013643,4.3973986998249535,-8.63329109088234,14.10013277218177
99.9757366411959,-11.258324930725342,4.214721299548429,-8.758623247504744,-4.048827368476653
99.50431403218815,-11.312364305656022,3.8568969583755965,-8.758623247504744,-5.934497767912429
100.0952265250579,-10.863196157420315,4.526309159138879,-8.173953079032403,14.359575516002216
102.13421388754597,-7.419206240274128,5.073608157510035,-6.675427167656274,34.439899171461875
102.04979654443422,-7.547678123924158,4.749936296257771,-6.701117284355291,-3.236718612522645
102.15571864368854,-7.324750371642026,4.9489583141237965,-6.701117284355291,3.163711660881364
101.6947982612209,-8.610651502669569,4.555943315106586,-7.625942806936682,-18.279605759888746
101.25795808536513,-10.053427694941817,3.578227088658818,-7.821535082947375,-18.69865630564498
102.03989396016345,-9.836643767386372,4.034373230282944,-7.294094608534683,11.78611441268129
101.69136047889829,-11.102488549515684,3.70521104026136,-7.51914530868286,-15.099363335087897
101.7584442027978,-11.032331443439611,3.870351584439676,-7.336953421886198,2.744619923378912
101.26024808968181,-11.423848983214244,2.9230660795160697,-7.669048132679063,-12.645789835279787
101.88872978509251,-10.620001342475936,4.515605444479256,-7.167979280675871,19.17253171737286
103.53368788143617,-10.458827819303586,4.946815323584468,-6.3717809241826044,21.464110576651255
103.64557372124902,-10.458827819303586,5.163269369886553,-6.295866932902028,2.5658752096534014
103.5681730984536,-10.619134773485095,4.981238493644949,-6.348517936852053,-2.5263102113961424
103.60413810566155,-10.55807615643655,5.014377645441676,-6.269455304450889,1.1486053223060018
104.27193537363398,-9.454594043896442,5.744363954135539,-5.7475914384716855,18.235783150403734
104.20447616545543,-9.5742523022153,5.573052284144708,-5.790713839628457,-2.2683253953832097
103.82641721660032,-10.947331141035528,5.216005635109195,-6.03482935710552,-16.378482233968935
103.43091261693446,-11.673838465145266,4.96212200276405,-7.15483012768005,-16.63603145263474
104.3189030711161,-10.20650454616876,5.9328071266663445,-6.460891782021854,24.248678661490377
103.8186920052481,-10.20650454616876,5.556535158789903,-7.525579577744264,-10.646877957224095
103.78106382512671,-10.23091648743989,5.54685918189819,-7.531641379782789,-0.48558860743690546
104.33458327953936,-9.711787629390827,6.191815213821556,-7.14904468316713,9.96040228080502
105.62807050188297,-8.872615126098118,6.524431684582291,-6.940667252849851,16.69234751744921
106.94662545763563,-7.4889954839050885,7.311320719016376,-5.921527308597695,23.280139216185542
106.63219772357353,-7.4889954839050885,6.635538410297724,-6.636411128878095,-10.797803229264638
107.00135931754265,-7.328764307175573,6.8291716182147715,-6.605606889381111,3.6916159396912835
107.56289841442637,-7.328764307175573,7.5588596675874165,-6.385310919094564,9.74904019937365
108.72256137571637,-7.328764307175573,7.961188550059798,-5.572751220042558,14.720182401923608
109.89358693218934,-6.878110357440945,9.498327412605953,-4.605558750595428,21.702769797892923
109.33321865832943,-8.664074206269609,8.164683320330944,-4.605558750595428,-24.8926116370174
109.7147839405648,-8.016282081209782,8.516268118722529,-3.7667557587875025,12.185953736883096
109.29311898906073,-8.540747578529672,8.406091566350211,-3.8523293861864443,-7.430629625061769
108.4272245749055,-8.778874857852133,7.8115978803415205,-4.852354126948785,-14.528149453070723
108.27653883260784,-8.778874857852133,7.323814472090951,-5.137647934912626,-6.568283374260869
108.84585407480368,-8.778874857852133,8.152459164207317,-5.137647934912626,10.497652679434765
109.36987423039473,-8.344146304038063,8.919179016419603,-4.684408083552733,15.774081613781092
107.90054226316859,-8.857873672137144,7.796555299008832,-4.684408083552733,-17.912265613497446
108.95212685917127,-7.754398161989446,8.424121396094234,-3.871615365379793,18.566564621164773
108.95212685917127,-7.489167941579801,8.424121396094234,-3.8386553799982215,4.673659293845235
109.42050150664528,-7.489167941579801,9.940292590524473,-2.9518801304352253,20.41611477648645
109.08650671247926,-7.489167941579801,9.506285392792197,-3.0829087759200715,-5.798578750395107
109.6379037552866,-7.43514188203846,9.650828802558333,-2.8160196556231534,7.194862364434781
109.33764955634221,-7.988166861772464,8.8512630594916,-3.0334480009420646,-10.20167645482836
108.91939206831688,-8.508394167083265,8.741976840966293,-3.1183301100892162,-7.370582900805627
105.47172746419815,-8.508394167083265,7.867637062466609,-7.470923574116696,-60.793763460982724
105.36460954647005,-8.789148297093476,7.557962314975444,-7.6414607279424445,-4.480164502289963
104.88411082938367,-9.401727735959268,6.695534773112659,-8.234821089587259,-12.570413467115792
104.74362696911355,-9.650916163984407,6.338778069921961,-8.32462352786353,-4.723789627781699
102.34911561825564,-11.86001215330537,4.842290061926936,-8.870968211678584,-37.50527922871833
103.07786847392181,-11.255393548579924,5.572299296944842,-8.339370098612322,11.781888645295489
102.67048196402905,-12.600891490418102,4.660504953904402,-8.52177469207693,-17.437911513331485
102.01517531163373,-13.713420613702285,4.056687290207869,-9.962349100106415,-20.928362514478103
103.52683149245887,-13.306821900002,5.76875897389032,-9.312166528057663,22.905926138698106
103.96080289544734,-12.523102627381315,6.868696113665209,-9.312166528057663,14.164568025783055
103.95368059314583,-12.533941817041539,6.841387876313071,-9.314334006570336,-0.2730823735213791
103.95368059314583,-12.036250625136752,6.841387876313071,-9.252486248858627,8.769887009550336
104.55551957446716,-11.536963360730585,7.721968307983311,-8.731938694482608,18.116587899199242
103.62912439697236,-11.643156435424194,7.018805715186834,-8.731938694482608,-11.661914401219168
102.59436435491725,-13.820952494514945,5.0745463677351985,-8.731938694482608,-30.906509919174006
103.356781116935,-13.221791788340111,6.524229190134227,-8.22371599378287,19.352543878892934
104.99569525264243,-12.059400259332161,7.33249880657336,-7.690831514383658,23.73706100516797
104.76659774859439,-12.480232317332954,7.18543577231772,-8.339596108492772,-9.63648282797037
105.03641612816715,-12.407078347216618,7.208040289588312,-8.308408322501673,3.8298804374290505
105.08294600881014,-12.266768577405923,7.2347020560335995,-8.22659499351233,1.8835779592585757
105.31455540746506,-11.914290110074207,8.122735751276885,-8.156110987966729,8.880336952432849
106.15893219551907,-10.029444997701995,8.913252992373392,-5.926642281429858,33.82839566938713
104.77818187739474,-10.921368940776357,7.819026966138638,-6.5263070910374985,-20.4238474657164
105.21154491524673,-10.241114148775461,7.967040982533298,-6.181283968494967,8.47381284367809
105.27518615112419,-10.187303244552945,8.199327503606735,-6.138413522618295,2.6322593411052613
106.94514374235108,-10.187303244552945,8.603905632421984,-5.206435961258538,21.197607552277187
106.5994528703832,-10.474089337098976,8.098108190399175,-5.5054337722310365,-10.406004367160213
106.95468229507303,-10.474089337098976,8.3653211406839,-4.749336078765472,7.5609769346556455
106.726144522858,-11.228893668318852,7.853818077090601,-4.851662342448486,-9.782408971737077
106.70172240238018,-11.280978182342128,7.382701330955551,-4.907101348725908,-7.384254307709097
104.24900571589035,-13.218988511354068,4.511265703471229,-6.312559033027321,-39.43974115312431
106.34321596677007,-12.167898546378247,5.388681173083407,-5.670204533923185,24.88240818357565
106.14663961346615,-12.167898546378247,5.342205285809277,-5.835555895091913,-2.605165414735038
106.37213796861938,-12.077631610122392,5.474049762073893,-5.691152742551997,3.3043124105575896
105.96212935747882,-13.38438038831706,4.498252973538733,-5.691152742551997,-18.213352898537575
104.62481190946558,-15.643201552054506,4.139294152475322,-6.673995934447924,-22.58821163737446
106.02858158795264,-13.626458237652722,5.023394789425087,-5.753883489468845,28.745994204109998
106.01947976331688,-13.626458237652722,5.007382407486404,-5.783963298205675,-0.3442260791111238
107.02276689446128,-13.626458237652722,5.2949480516810725,-4.4928782626594295,17.428961756908485
106.66385092235686,-13.963812607878445,4.931027432073789,-4.973784328776558,-9.682543484681245
107.03552426219076,-13.419767987794389,5.284323605634888,-4.589931982271757,10.98894397118028
107.3746213502518,-13.200721279712296,5.553053479752068,-4.442660902134068,5.015872248384046
107.24825461524469,-13.300029146427464,5.312775859703894,-4.52689625285479,-3.207586592909446
108.8673602388438,-12.897720896027483,6.409396568632881,-1.5011047931391324,34.499330638426414
109.1495563867574,-12.683216172016609,6.729081034101452,-1.2218897294304345,6.857558344401982
108.90803737194919,-13.543682983485585,6.585282372982963,-1.2218897294304345,-10.158966368920233
110.12416476795583,-13.543682983485585,6.933853033563977,0.34308985972370487,21.126392653269075
110.34179863974853,-13.372650982607508,7.347668811531789,0.4881633675431112,5.524234596121862
110.26122806246714,-13.456912830465086,7.149327571606892,0.26934269626999835,-3.296412285875397
108.02123338326226,-15.37654138247272,4.919408338676968,-1.3202954855662514,-37.813802338892614
109.26240359522929,-15.234265511193545,5.861494918519283,-1.3202954855662514,15.624456086272975
109.86532348579175,-15.234265511193545,6.739051551570222,-1.3202954855662514,11.117291678746746
110.55400998168568,-15.234265511193545,6.905898599251472,-0.9359501798192509,8.741842393606683
110.34365232169691,-15.998267136836912,6.707232497508888,-1.0717797089943533,-9.113232757322804
110.84326235769913,-15.376853796545609,6.837775268732791,-0.9703877319919354,8.804187118834971
112.18894749211401,-14.383186071567653,8.161991777840974,0.9122700280485847,32.26278288541962
111.86482157068697,-14.72216153878566,7.364088382869386,0.03198029826323667,-13.261077500180885
112.0603354024511,-14.568513020884877,7.735844432277003,0.1623087125288779,4.962758161470803
111.8830082631214,-14.882364297838137,7.20641905323263,-0.19223677095960817,-7.375156439593097
112.32297635565645,-14.458239378834012,7.653179412966324,0.05387646227978693,9.75438785623807
111.77498778162476,-14.972180994423423,7.014667914536964,-0.32489724935086056,-9.860875889957889
111.11488444611831,-15.429958933359364,5.831130470809389,-1.1324197421696167,-17.598815325408257
111.33220639592223,-15.245609632430705,6.10675013662514,-0.9002582249390929,4.210379418707094
110.66633234291315,-15.397883786945034,5.789558989140069,-1.265948273370201,-8.76494426623938
108.27701695166644,-16.98520858110823,3.79260499051131,-3.2876645125840764,-38.93952014146982
108.69188475903087,-16.871116908230828,4.077439131919929,-2.8085321094549807,6.960734946579403
110.08417630302222,-16.075166226227733,5.442445901516148,-2.8085321094549807,20.289475820385643
108.8704175779467,-16.075166226227733,4.529424548782055,-5.3919897530739815,-25.834576436190005
109.99731688643013,-16.075166226227733,4.852420344827926,-3.9418337722125423,19.576334971067688
108.50263520947783,-17.934246442028282,4.461875971924103,-4.245167811352638,-26.339457214033068
109.35892705962857,-17.698759937843676,5.049776863734284,-3.256233108154073,14.367035715980695
107.88372337686833,-18.54211015601737,3.603482786756461,-3.256233108154073,-21.49773126230641
107.96688013157687,-18.267463746297697,3.789600531668538,-3.219000225699426,3.5594701717661956
108.03997126926582,-18.267463746297697,3.9310024510540345,-3.169408248747855,1.676197261021858
108.31439500504014,-17.56731242521154,4.588275811216695,-3.169408248747855,10.521918607682396
109.0189986332245,-17.56731242521154,4.79023175179536,-2.2626855647812323,12.240274302528407
109.157318083708,-17.251011663532633,4.907615978814972,-2.0395773788671887,4.444515012135094
109.54574773121634,-16.928769365945158,5.47594664082271,-1.7036135923180233,11.692529181626199
109.68975134038612,-16.889167323128344,5.574814626358129,-1.5373032782950977,2.4161213210287986
109.23761150525826,-18.07421767461569,4.267691670240568,-2.2571328105463415,-18.910569607530856
107.19785880284475,-18.07421767461569,1.2988088355464078,-2.2571328105463415,-37.611175382003594
108.33544696778789,-18.07421767461569,1.6934791754581524,-1.4600406141006768,14.439975963020467
110.07020323310695,-15.144095008639624,2.1591173563974753,-0.18510519207305864,29.301226659760644
110.72637878878825,-14.145483745408098,4.675016999607429,0.014583947375199857,25.15899643209953
109.70199184697525,-14.145483745408098,2.4733582476383837,-2.3144652142486537,-35.17860363469142
111.11743538193657,-13.100305700968061,3.8662202543374637,-0.3342131576241256,33.93523959442728
110.17762314848065,-13.967344996855473,3.278869629906338,-0.5486458089243726,-14.720297828490637
111.43854915850595,-13.625478946802245,3.384505961336719,-0.4028978038642639,17.897949970969925
111.27790533695587,-13.896817412085912,3.3413864186429434,-0.5209607862662388,-2.7133846528366834
108.70524690896949,-13.896817412085912,2.4173109388205374,-2.395318705883846,-34.236075772819554
108.70976734846931,-13.873950289300423,2.4218060044696075,-2.2580593532580915,2.5630056355016806
108.26673545312356,-14.687761094673714,2.1374134918915924,-3.512649222998056,-18.63516265479398
108.21453848821656,-14.782024834376859,2.005115879907582,-3.512649222998056,-1.7036778346985204
106.57677551296246,-15.226060055176461,1.8679093578096848,-3.701955085916852,-23.246883292396078
107.7797637609326,-14.184779535458015,3.054627994150473,-2.787110957254578,20.342197020630362
107.44594455035858,-15.374086936193367,2.855874469198023,-2.787110957254578,-14.04137117822351
106.96980710674416,-15.662387102357265,2.7188568803619337,-2.891052542412785,-5.795876691608939
107.36411400224794,-15.55632814626086,3.1654410170432516,-2.7214561257492607,5.9748802267054115
107.8621357821846,-14.656938775363606,4.427719241822168,-2.7214561257492607,16.25513416703509
107.88146168285347,-14.616912272201857,4.4731699178743805,-2.708309874004693,0.6307858831221714
108.1420908093494,-14.154611747399901,5.135033762912307,-2.541706173051825,8.763691160478787
108.09323656236184,-14.243647640619773,4.9905012718821276,-2.560147276735536,-1.7629727855900958
107.43538576921209,-14.799883633444503,2.5893871197244565,-3.0032932407290494,-27.209306536038376
109.40938912337506,-13.604628980306687,3.157444061200365,-2.572365069691369,24.02894412735202
109.71098700544027,-13.04912912983556,3.960587982346636,-2.353963699520109,10.247330505645003
110.32650401446662,-12.032036005919382,4.63342540008819,-1.872955313724033,16.80814708342452
111.41170890691082,-11.907638505801952,5.4571294784600415,-1.872955313724033,13.661088562326283
107.91919619604003,-13.848034058839913,3.447629997064204,-2.3594237580984103,-41.22357932733667
107.60293770690008,-14.996658738536992,3.1489489735931064,-2.563634252167418,-13.701127989184565
109.0168243640578,-14.178406083550898,4.46450332726116,-0.8582911673993525,34.35840749604781
108.94494997311861,-14.300428884396702,4.398276276676706,-1.0162941539419723,-2.2954342117304014
110.27799838915023,-13.528959403359504,5.638614488005539,0.5915468186226118,32.39398325043145
110.12839444092411,-13.794324923734141,5.258697455181732,0.49591448548036055,-5.030453872401107
109.21180244770603,-14.6399420035347,4.685858689734385,0.2867798900052877,-14.356598740755471
109.38359295536623,-14.50420199731811,4.886976652879594,0.38521942458789793,2.7623953439067424
108.31746841704091,-16.064764074960483,3.873566005513161,-0.7158399246928275,-31.521181538586173
109.82086716362545,-15.539125826754136,5.022217996545269,-0.7158399246928275,18.327565364727967
109.68635406919212,-16.018359536612504,4.942129880511099,-0.7158399246928275,-5.6579975850463855
111.47884277459534,-14.933011600748111,5.457952535763485,-0.324536699297531,21.819421360257397
112.80738313340888,-14.933011600748111,5.91887107478997,0.6063530420934835,16.86382773517077
112.65314171952548,-15.424598298350542,5.551785427715735,0.6063530420934835,-6.851693418859982
112.99673035259777,-15.390933373610316,5.641853869737661,0.7726580109373665,4.483290139448858
112.89330179637619,-15.478385857145199,5.264346123806686,0.7029857573982042,-4.2778990617894905
111.73535354388932,-16.454040786242196,3.670554479350212,-0.39049019367251037,-35.324496735538595
112.91234927901787,-15.876787509613344,4.548615140597266,0.16773900438800193,17.164567920043737
112.20246684399073,-16.43466304732623,3.1988227130828384,-0.3054646111174981,-18.019056842821765
112.68421006538104,-15.835472393026594,3.3246970762998735,-0.20769856539287163,8.489335999510704
111.47742052332559,-17.829596563827536,2.005524498894562,-1.1507689941660688,-32.95424143305533
111.72722346954026,-17.378471485175616,2.638671144674798,-1.1507689941660688,8.153419327477158
111.48191828690364,-17.378471485175616,2.11145015013593,-1.7084955783712985,-8.424056806343536
112.31541020961913,-17.378471485175616,2.3228266112388276,-0.6562321155051125,14.6972274320627
111.6967107094596,-17.852792867748537,0.8886535653852159,-2.460056619169932,-25.17818803668001
111.68440009358233,-17.893451819194894,0.8611004931953803,-2.46556861534522,-0.5269478127761078
110.50623385234903,-18.654512429273485,-0.07258038122942889,-2.9772504346150974,-17.427254793533745
111.31495479601392,-18.654512429273485,0.12334723264564107,-2.5259157559041077,10.26549971878087
110.40051485701055,-18.654512429273485,-0.09819276416596093,-3.036250574488456,-11.60744384106231
110.44872055363906,-18.567456615831155,0.02398864157940883,-3.036250574488456,1.573405216156518
111.67378449053352,-18.246047210570225,1.3874884477394627,-2.6769635134236403,18.813123365009066
111.9377166007439,-17.77788789659481,2.057740171487401,-2.5082484240837064,8.874754454020515
112.77842188104893,-17.113605908438338,3.0419676231858053,-2.026506809593178,13.51856038813329
110.62657635812009,-17.113605908438338,2.4962520870412863,-4.743159916600071,-37.94417460713213
109.73993421634842,-17.558614071945033,2.124773850377252,-5.0151185552435,-10.534659390123343
110.21266757235666,-16.87945576710698,2.4225035047210692,-4.705261567529746,9.680498532030068
109.22176315321273,-16.993043563711165,1.6703764022646812,-4.705261567529746,-12.47398820349667
108.17878368456385,-16.993043563711165,0.8858197142948895,-6.925219475763101,-22.19957908233355
108.59145110924499,-16.4797691610341,0.9936453089181851,-6.841471826561095,7.272074143691159
108.10834389531601,-16.610750641045605,0.9531721381204912,-6.897313257462248,-6.857364093347456
109.00929788116359,-14.714567989941198,2.646016988535265,-6.897313257462248,26.909952229131996
110.57899219646484,-14.355605399901384,3.3937456901136276,-6.035255954597609,20.66199024646592
110.49638747994476,-14.50734303230451,3.340719794847995,-6.269178255965883,-3.4745857907214317
111.8721139698798,-10.997381633872873,6.635727678014591,-6.269178255965883,52.747923253379355
113.13048986416018,-10.003077850509621,8.108928963555368,-5.548102691022782,20.23471353912336
113.04977283554032,-10.312172571734072,7.9182633452492,-5.932058657694577,-7.38615275448935
113.11125806320032,-10.252901416294156,7.980697787413894,-5.897664508590099,1.3631687574638638
114.30678441562992,-9.924122949764717,8.801505563001388,-4.516946592966015,20.058779961211116
114.37961906689138,-9.761539091013825,8.869694372056802,-4.324636029676853,2.917985709902091
113.72319144863513,-10.476875937040957,8.056859675418355,-4.8258861522511385,-13.049388320145717
113.20386595242869,-11.925718878999989,7.614044132550679,-5.867900113203881,-20.595889643432635
113.27309817444372,-11.749083167920613,7.77986249759462,-5.867900113203881,2.6544927063825288
112.20532638029646,-12.395616621246482,7.472590892255968,-6.1009964478008465,-12.997662201646316
112.45752831899175,-12.134380791907528,7.667961896447382,-6.1009964478008465,3.955610521577857
107.54772487653779,-12.134380791907528,5.96457410352848,-9.541227394874497,-62.32259254888963
106.44206996706117,-12.520954554229972,5.119813047255164,-9.541227394874497,-13.478767805481526
106.63211899245073,-12.360261416175387,5.813480075125959,-9.413205266697005,7.860600371006324
107.08286288523367,-11.980477172959363,6.4338807265060005,-8.987557915192642,13.750442763723985
107.63210281092626,-11.742084661283528,6.721968898367319,-8.941727258675987,5.492399256925879
107.71973347967942,-11.650439270034193,6.937690022410537,-8.703732169057703,3.58526428436255
109.16603062638593,-11.14476564199123,8.042714288901816,-8.703732169057703,17.63145376654241
109.06626471080199,-11.229394814566767,7.916185660119221,-8.81031047994972,-1.9328574865176495
110.1050336913709,-11.229394814566767,8.179621099662254,-7.498889679313432,18.31694290096277
110.332681877164,-11.229394814566767,8.916538914546663,-7.067882625755004,9.923021057771411
111.0638159025382,-9.59733385112939,9.601036713145112,-5.137416922626446,29.291533646621513
111.27413802529995,-9.24208531772977,9.657490759521513,-4.982843551308675,3.5524853339961964
111.06960100222491,-9.812713997462023,9.483087281219138,-5.393242106998261,-8.111717961128344
112.14781779597826,-8.879432940674425,10.546721913828167,-4.573283720160563,18.23234639780722
108.30340252004088,-10.548065847140546,8.530243291441174,-4.894076269603669,-38.44415275937376
108.28729695181572,-10.564909277897025,8.490596084243965,-4.937817190535104,-0.6589327613108513
108.14188139722924,-10.676391034195973,8.153516340714178,-5.36177767621428,-5.9177357924038905
107.58784638153867,-10.676391034195973,7.994716899110925,-6.074740392192512,-9.624617719799378
107.56307164167633,-10.739600095887495,7.935378823012939,-6.074740392192512,-0.9499098014332361
106.58076325304272,-11.757094837993161,7.1744228315331515,-6.074740392192512,-15.406818114145919
105.99815166313687,-12.203749691853387,5.82390317178001,-7.773350237069241,-23.709578170365713
105.67790148317641,-13.22442711181245,5.06172625977831,-7.773350237069241,-14.226114732600793
106.43951688745122,-12.213114772163266,5.820539148917551,-7.192314676140893,20.344678359322824
105.56550226742569,-13.46877883774249,5.270080698282837,-7.765194786962125,-17.897821549073228
103.14246737805732,-13.46877883774249,4.6830556583987395,-9.117453167142944,-30.75679462768316
104.7344163726702,-12.8909868504916,5.844234603279426,-9.117453167142944,20.31048339600745
103.67775036024305,-13.573561899684398,5.006841023384288,-9.576367001775813,-15.630041997263977
100.85028630537326,-14.661674654368905,1.295389247487012,-11.911672090880106,-52.401761136177655
100.57743424398458,-15.56283823762402,0.6847039154503702,-12.033839782065268,-11.679252962937175
100.75094754938523,-15.457776316009713,0.7346356632173653,-11.995961542806294,2.11212484114155
101.81140302663476,-13.666594066222128,1.0192800073626178,-11.216594274644295,17.91182249787586
102.62521921534646,-13.666594066222128,2.0767877580863034,-10.89732812216789,14.128894644524125
102.70199355540893,-13.659071691698056,2.096913409900965,-10.860167538251213,1.0017841355431325
100.85906490387926,-16.306738252567005,0.9362284203046711,-12.068130363968129,-37.738966119112014
100.8921966660482,-16.206830196515547,0.9552130231590589,-12.009874900578433,1.3412081894567383
102.37256277109833,-15.037121188496284,2.688301887101415,-11.161594326885409,23.80432127225948
103.0946996664243,-14.847660391346322,3.4920423998570542,-10.949805835693791,11.089748125825933
102.29558787405286,-16.29079537293079,1.4666261323137926,-10.949805835693791,-26.082532778205508
104.73411801308923,-14.81427078174745,2.168359475145519,-10.417470705351127,29.683487791546728
104.57861971895261,-14.907757146922613,1.9797500259864693,-10.864812169489747,-6.467279908097231
103.16529602648868,-15.290941714730515,1.8613463061738107,-11.028175528674216,-20.061126933211757
100.5619971973134,-16.56772015524146,-0.08076293275188284,-12.262876194402326,-37.96487806701221
101.42518129715882,-15.212770450233684,0.21405534741202537,-11.575649902714186,16.87836726450812
101.2096425093403,-15.862722637649055,0.0905509510691899,-11.954631011500123,-8.725234290094072
103.57578660762942,-13.993117506459766,2.8606346305310195,-10.598781221174702,38.04765192879645
103.50571391615732,-14.046838215610308,2.698203005268997,-10.803078845275808,-2.8516321763086525
103.83544111389297,-14.046838215610308,3.4068676133633806,-10.053410119421454,11.32320407773927
103.4158954968127,-14.485604948437215,2.37406878400732,-11.192849064218578,-17.165016973858723
103.43949028535117,-14.485604948437215,2.4247797708094816,-11.139203883651398,0.8102716658709541
104.81224588080919,-13.957317817815786,4.226718219455895,-10.005395260108303,25.441458994906615
106.92111176065266,-12.7856588106875,5.4401038940987965,-9.711653536343503,24.891820613235804
107.4226801511211,-12.376532117478323,6.461556136783592,-9.336365975139044,13.958912723521316
108.00212072626243,-11.392802572385314,6.995468699785851,-8.062569561702157,18.50544682833458
109.01799188573472,-11.392802572385314,7.286641221912409,-6.755290706703154,17.647569712364312
108.5082493988858,-11.442747305140934,7.153017151720293,-7.002018043506457,-6.651336059965296
108.86803786304115,-11.149269750749571,7.885732252168259,-6.732814206445959,10.013102630697807
109.73071052010313,-10.817281402515757,9.018113744182708,-6.020301577753772,15.988025183278575
110.12543017258642,-10.216570986871915,10.531542618898342,-5.900179413730359,15.134288747156342
110.14077521246489,-10.188383492036511,10.541392958100761,-5.856724909021953,0.6454553658180808
110.78251216670412,-10.114820911001207,11.02849115506726,-5.856724909021953,8.078497827110157
110.83953344211626,-10.024930879576045,11.0655915945942,-5.7980731406797315,1.281262867665149
107.1586701542126,-11.622575557777868,9.134899512902514,-6.105218293720005,-36.808632879036686
105.7302778133402,-12.194360661461932,8.299746458439063,-7.01992277990429,-20.930771472291593
105.15571429710542,-12.634845519339082,6.9678825925359735,-8.695068386501452,-23.38205905620571
105.51592634148899,-12.039623635749129,7.361639610178473,-8.41357329948944,9.83644145398571
105.49373007281432,-12.039623635749129,7.332796824195338,-8.422281061017651,-0.3853557424344203
104.9699150809674,-12.865381140079908,6.991980764086972,-8.961074262922164,-11.770075182093253
104.45276209130267,-12.865381140079908,6.8608289606622055,-9.6139674474935,-9.119122692288023
104.37451649901432,-13.004172145002045,6.662125426389137,-9.663984901159385,-2.6310190833357825
105.85136062084992,-12.279859317898607,7.763878548745306,-8.963542677634576,21.5373688111075
105.5004154859633,-13.3381261866647,7.562785894043537,-9.580608300432587,-14.206624041296395
105.64427038387774,-13.251639890507333,7.737272650989148,-9.16676285592876,5.9830231330127965
105.4377822055389,-13.251639890507333,7.068851698497057,-9.557707598274991,-9.000671517318436
106.77696553098833,-12.765588266037513,8.045661562449597,-9.557707598274991,17.085635775890587
106.01974940856245,-13.040417051152742,7.493342724936243,-9.557707598274991,-9.660752658385285
105.71863052550755,-13.24924129766834,6.9534492659288345,-9.926074576594736,-8.02803944296188
105.66133714784579,-13.293164840677177,6.820640660253161,-10.093113985059391,-2.3315736244374516
105.63862709386785,-13.307898386179112,6.814800836036546,-10.096772515741831,-0.2930714015502758
106.15114183113862,-12.967412842569303,7.2431529730957696,-9.663108809823088,8.35263440225101
105.93833568406355,-13.146717371843414,6.9502481231866176,-9.864066325469281,-6.491887725994295
102.86338153701753,-14.221823703307436,4.600869948327113,-9.864066325469281,-37.4860117793495
104.58552287951073,-14.221823703307436,5.00803004443537,-8.415476958944929,22.823004849481137
106.45761514054803,-13.007271041362207,5.489433115179655,-8.113887760433165,24.159198534131633
107.82585476667208,-9.516411261721945,8.76650918162401,-8.113887760433165,52.460862910643705
108.45689069207155,-8.609825585168274,9.16393852643301,-7.700270044445228,12.92217329673965
107.85032582073929,-9.019096753275697,8.592648880539489,-7.93869618006647,-10.7996793476018
107.82734322007175,-9.107105450669646,8.53836056193455,-8.048020158002934,-2.103063035500056
109.1647145936921,-6.29242186351963,11.051210583676218,-8.048020158002934,39.944992021846225
108.08169779083022,-7.19095982896196,9.966326645834178,-8.838040648960938,-17.509342533743514
108.84747816609828,-6.696288313864359,10.573197276967852,-8.505459488624721,11.327306154787122
107.7711000457191,-6.696288313864359,9.174505261744692,-8.927730642565841,-18.687307123471587
107.44859485253022,-7.668795201777346,8.98970878216275,-9.494790413760494,-13.05534562398241
104.93830222603503,-7.668795201777346,8.118797784045675,-11.253717523796329,-31.8644007592588
105.71400920930587,-6.387000828447943,8.96674296816599,-10.647525398473809,21.182513037421863
104.84921202235401,-7.7031062575878675,5.650949023598667,-10.910702843236116,-33.15793944567323
105.5909450010108,-7.7031062575878675,6.7305496563886535,-10.910702843236116,13.676878140113322
105.57962120156691,-7.727256273204576,6.512107054210015,-10.936408235567821,-3.423855635270519
106.6908515841636,-7.419178725515152,7.16034876790261,-10.18684820248996,16.749568411233533
106.65184998761565,-7.44262668369077,7.113042334850886,-10.299048991574967,-1.622102950638313
106.65921141407566,-7.405388126965577,7.120362440608248,-10.075525453578269,4.173792725912343
108.30503327596165,-6.3137202536404935,8.038128577828365,-9.114923680013362,22.29282153201432
108.14561290453436,-6.6695835508656485,7.888877018597655,-9.535852741908522,-6.386882584529299
108.70689789147768,-5.86320643484756,8.242376899719003,-9.16795385537389,11.493833517558329
109.61171963789097,-5.41943990087192,8.917390714343902,-8.738812183222603,13.195353099684006
110.97364594444461,-5.081034437029888,9.839823797172643,-6.1936385224877935,29.019444605794405
111.89723957987758,-4.758115356721731,10.54548333736769,-6.1936385224877935,11.25930346975483
111.76290608506966,-4.758115356721731,10.309157181667956,-6.637585312551897,-5.080420032412684
111.67338707836169,-4.87224157797267,10.14848316910597,-6.748130935891777,-2.341922855295418
111.96086410764606,-4.504549513996667,10.876934751707527,-6.518934467493956,8.769805870589352
110.65310923771762,-5.589466529652411,8.963493808829107,-7.650048636552966,-39.36610420223934
111.36864820782259,-5.125248083289614,9.147492570329717,-7.534777167838961,9.233972276609848
112.05876201209418,-3.199930490043762,9.735934927023724,-6.150080625978152,27.36916992909791
111.8404713196868,-3.384502951276588,8.939187585101251,-6.297127099623824,-9.028701379591372
111.31539461133136,-4.489599727052485,7.952596243284788,-6.297127099623824,-15.683141825697325
107.51413688224676,-6.139500499326015,5.958754683851947,-6.61431842014422,-38.01257729084594
107.58430982360203,-6.09215228805403,6.024846666280976,-6.586735116159331,1.2494051359262386
106.95332555011498,-6.09215228805403,5.871979049749658,-6.938877702025101,-8.009399203491366
106.55664647557082,-6.349504789291676,5.769974181421345,-7.002781670140367,-5.119111229559858
105.96730604712774,-6.349504789291676,3.8622257878276365,-8.118581827831798,-25.688926363558412
107.15260216850508,-6.349504789291676,4.287973360913232,-7.2550123978493835,15.773523365270721
107.30780818541817,-6.064404924135835,4.387603725184608,-6.815495743207915,6.528399874958572
107.43993256834302,-5.665986929110164,4.46331140787346,-6.583181895453138,5.3485324294583645
107.97654091659292,-5.213855688495375,5.20189527805032,-6.076450853979676,16.36983328512891
107.43502485940937,-5.5394178957926465,4.545071061275062,-7.634298078092879,-22.52202145354977
106.7263109969957,-7.347595842357306,2.847627724501972,-7.634298078092879,-27.173413245075437
106.23066344745523,-7.4839025335028575,2.5073329566058695,-8.206723311626993,-8.316073597492032
105.9864743377469,-8.353882169652938,2.3619445404446933,-8.206723311626993,-10.271278040585733
105.64594062370794,-9.590672458753932,2.0403374951692763,-8.426608501682,-14.752792923814106
106.40069302199197,-7.4850225471505745,2.6838955246097655,-6.912216195085357,29.93266692416459
106.2570901944901,-7.746735843412863,2.2590547859303998,-6.9664222220846055,-5.18210580308426
105.80491401416826,-9.35771705916817,1.9898323838284895,-6.9664222220846055,-19.019796898244987
105.37885241299873,-10.308785513317256,1.5909476131209292,-8.091383282482367,-17.069370721467653
105.20228582512983,-10.326085564366947,1.5446623872673366,-8.176845658323618,-2.303915689149572
104.7037596346776,-10.326085564366947,-0.06911208517498357,-9.120706922668642,-21.730398898079205
103.35383314323104,-11.221487075423514,-0.8218769197399476,-9.908606155201523,-18.284889180333973
103.97763349085399,-10.981425627619743,-0.003049566655466407,-9.393386828582711,11.560973430061125
104.69706877257546,-10.026122237089318,0.7137384100682869,-8.844530437127876,19.217940347345113
104.30480923662662,-11.423636683039765,0.4801899413268317,-8.844530437127876,-16.499534981777348
103.88524761002994,-11.675879266505303,-0.028711379552953664,-10.051536040502851,-17.449853665362127
104.1219199315769,-11.25699296056375,0.6778941294398643,-9.578336602512763,9.843362967047263
104.87200095107707,-10.614189227716214,1.4246013011876248,-9.046032914857857,12.662269099497326
105.57723013319324,-9.963568399710212,1.8653455112941566,-8.885124003575243,11.046018798796364
105.2794830167378,-9.963568399710212,1.7620463040058305,-9.093751264612797,-3.7794531774950544
104.12854591701438,-10.52804131340049,0.903425868370587,-9.639621292023318,-16.784545117950557
105.58280607881656,-10.52804131340049,3.0201177724653356,-9.639621292023318,26.815228106762216
106.72679942216801,-8.120348617972478,5.1696207111525165,-9.639621292023318,34.16912151298355
104.73806733750813,-8.120348617972478,3.673643940275857,-13.872591979756349,-42.32970687733031
104.60017676908393,-8.505043338881594,3.5560681860347763,-14.149266047236779,-5.46859137646908
104.85302212948947,-8.505043338881594,4.099494871703388,-13.574396092695203,8.682995020255943
105.63511601729145,-8.16558271783456,4.5097199624534205,-13.50913522097247,7.820938878019802
103.04441401601997,-9.105868407109115,2.620043454904108,-13.50913522097247,-33.05282402821152
103.65078344101607,-8.546452280588849,2.999003685180899,-13.370782687518862,9.497576443765064
104.25776886180503,-8.15435761814895,3.4800314541077135,-13.107166744785289,8.978435482055884
104.27043449888836,-8.143648376340376,3.526260235411239,-13.09863483144973,0.5238622579208836
105.72618588068624,-7.615288807862641,4.5880956706198415,-13.09863483144973,18.572840190718964
104.6277760658925,-8.812272284345607,3.2279676324908477,-13.93738390140009,-21.835729955998623
105.84935217553598,-7.685287071476665,3.991411079221516,-13.658662477448573,19.13357106237769
107.50400243399339,-7.685287071476665,4.411036160717487,-11.569706407995282,29.17697281317375
107.95048715230524,-7.685287071476665,4.746893751741455,-10.619373912375067,9.50332495620215
107.91728446827354,-7.712832108929603,4.698313259708417,-10.648091852734265,-0.9994688985235851
107.17061775844637,-9.420265504688842,4.064657658359806,-11.852459384051228,-23.99208057354111
107.147868877094,-9.439433078175155,4.033346261721587,-11.873941652036141,-0.6939798763401726
107.29437835557822,-9.301725044296512,4.181898637019066,-11.677635824425277,3.9524136750555843
105.14636809541061,-9.301725044296512,1.3906817378354943,-12.520316248771696,-37.292217926149625
104.74698526017939,-10.574608144284397,0.4401736816008146,-12.520316248771696,-17.741335967187844
104.47169447945222,-11.451994329815363,-0.21500245969930643,-12.520316248771696,-12.228933741537169
104.79706985700518,-11.363777579407959,-0.18774355556917482,-12.482706736558468,4.6184726010302
106.33538564933004,-10.77177676104977,1.831516377897191,-11.21215594307325,28.509807777248387
107.5765427124205,-10.77177676104977,3.6380343422605566,-11.21215594307325,22.885801754925115
104.96374216639687,-11.720083035236849,1.7322389986395255,-11.21215594307325,-33.33476278867643
103.94152213051217,-12.44508740526852,1.2281067940781938,-11.5445255161862,-14.805229159870681
104.69838702798384,-12.073885769620146,1.792742053590046,-11.185557278540365,11.037643171689496
104.72398404684421,-12.03042912402176,1.816327854328319,-11.1292868131677,0.8174855055133019
104.47412283593172,-12.937904379890918,1.5803537863941546,-11.290624083411025,-10.824627789610405
104.35629457801413,-13.008743327731462,1.4374356730823628,-11.62959542522812,-4.900557457993963
104.74390383236383,-12.143509442921571,1.8003208242459448,-10.606162859147833,15.528848503138923
104.62882860415131,-12.240468623421544,1.6419321079841116,-10.714830922978939,-3.510497567230825
103.9941144304592,-12.313226180124559,1.1601644186650273,-10.714830922978939,-7.990091639784477
104.60638939665334,-11.84781985330804,1.8537769882720607,-10.10902395163262,14.878698148560611
106.62054079156891,-8.445779593857552,2.394409589182363,-8.628750895387512,34.02040259450488
106.59015361686362,-8.49202480164648,2.277899485541204,-8.637998403489005,-1.1651010364115897
106.71952537057044,-8.21974399843647,2.5209821628942537,-8.637998403489005,3.864112670276513
106.2833354001973,-9.43665086040422,2.1490541525517175,-9.513202956464935,-17.29882426147219
105.87035456808032,-10.800625479441774,1.2247388466582538,-9.698112370404052,-17.67737279531824
106.5745372960232,-10.605397836868732,1.6355273073262633,-9.223118852303593,10.614141730112383
106.23542661429985,-11.83701979027647,1.3152642030454902,-9.442085179649057,-14.691143518158754
106.34629997906285,-11.721066859214682,1.588202059316973,-9.1409655287495,4.536200857847263
105.87131175353387,-12.094346008901114,0.6850447499619211,-9.457589992959914,-12.056700395961208
106.53572099514689,-11.244545918850225,2.3686226161758515,-8.927877229030026,20.268541392946773
107.99442689401086,-11.101621445871382,2.7510082804048226,-8.221829310931637,19.033812947347364
108.12613531978742,-11.101621445871382,3.0058110484682325,-8.13246579269998,3.020466085501265
108.0785281721242,-11.200222162035283,2.89384850228298,-8.164850081471027,-1.5538689345553407
108.13794939543294,-11.099341389300092,2.948600859978612,-8.03422315546701,1.897720552528364
108.80571788770912,-9.995906826319736,3.6785557132214,-7.512381776845596,18.23499736198841
108.76302849499731,-10.071628710974306,3.5701466263996586,-7.539670403074134,-1.4354368546008631
108.38640161704795,-11.439506386689303,3.214452454589274,-7.782861221555757,-16.316441253431933
108.00547395132924,-12.139237159313648,2.9699260963240826,-8.861582630860644,-16.02288477410685
108.88952136135029,-10.678418808622357,3.9363009775975972,-8.170725657900503,24.141004518882564
108.4019040337801,-10.678418808622357,3.5695023521071674,-9.208607970131785,-10.378823122312829
108.15441500043403,-10.838981656142577,3.5058612682204595,-9.248477810289094,-3.1938258685578855
108.70057754855644,-10.32675261404538,4.142245097215169,-8.870966261126732,9.82801714852323
109.80416173149902,-9.610783035531718,4.42602855466027,-8.693181716982792,14.24166422228808
111.09722473449831,-8.253913257948833,5.197704466576843,-7.693745060177703,22.830058461946436
110.8202883149545,-8.253913257948833,4.602500186884929,-8.32338851758071,-9.510309178580744
110.92455540992496,-8.20865708939224,4.65719052414957,-8.314688076858825,1.0426709497047333
111.47181697224505,-8.20865708939224,5.368325731158425,-8.099993289726667,9.501163855266412
112.51061167359289,-8.20865708939224,5.728721057440641,-7.372124298407781,13.185941081520966
113.7097953355652,-7.747166859108328,7.302821468792852,-6.381675028592528,22.224627649943248
113.1706035357788,-9.465638633697269,6.019576160426167,-6.381675028592528,-23.951912868826753
113.58554756156343,-8.761178650678971,6.401917055789095,-5.469494842224662,13.251962212034634
113.09798916967608,-9.36760219515802,6.274523250573058,-5.568441031642998,-8.59181162148509
112.22740313371611,-9.607019704695285,5.676808456431015,-6.573884144209504,-14.606866420916141
112.11024171309509,-9.607019704695285,5.297546316598912,-6.795706244467645,-5.106982249519538
112.65354380118826,-9.607019704695285,6.088328572450195,-6.795706244467645,10.017993895290566
113.19228115649537,-9.16008172175813,6.876581888730386,-6.329737070884988,16.217099514849462
111.58995346347625,-9.720308822867878,5.652344540486198,-6.329737070884988,-19.533583885338338
112.6340609115012,-8.624679423922798,6.275448414949129,-5.522723603808077,18.43454961101856
112.6340609115012,-8.324813218097033,6.275448414949129,-5.485459427255423,5.283984900374997
113.13607413130995,-8.324813218097033,7.900510717535534,-4.534996158842641,21.88239600542809
112.78735129445742,-8.324813218097033,7.447365267812183,-4.6718027251740555,-6.054276494338063
113.20306401780162,-8.284081551802378,7.556340343575027,-4.470588002540266,5.4243958443770115
112.94416520850632,-8.76093586147421,6.866902462069712,-4.658068943383132,-8.79655270852756
112.46803571942839,-9.353144173754371,6.742494907203505,-4.754695725729329,-8.390410145041061
108.98899158465434,-9.353144173754371,5.860197170191901,-9.146905090871842,-61.347088677680645
108.92285301738782,-9.526492165452323,5.668992518793854,-9.252201041903811,-2.7662193924633627
108.4827001012705,-10.087635445928186,4.878980008890393,-9.795739004023794,-11.51491970239099
108.37077481072564,-10.286167057698409,4.594747374752441,-9.867285756628556,-3.763503690357386
105.91108009760708,-12.5553990343008,3.0575219862856597,-10.428503029555177,-38.52624753683513
106.63749842079723,-11.952717302628216,3.785192664063356,-9.898607871131897,11.744145806337947
106.24889478709098,-13.236180001185005,2.915437317987737,-10.072602557022984,-16.63392285648451
105.61826863730252,-14.306808469520755,2.3343609516188915,-11.458921296652345,-20.1401475563238
107.09294378988201,-13.91015675217237,4.0045486592385675,-10.824644735750013,22.34555750972492
107.54564181317804,-13.092618630786529,5.151949998352126,-10.824644735750013,14.775793754972923
107.56793586578098,-13.058690070297466,5.237429560191665,-10.817860148697736,0.8547956183953886
107.56793586578098,-12.538081653297525,5.237429560191665,-10.753164482467323,9.173714680053665
108.17470651606774,-12.034703062833831,6.125225761064683,-10.2283513881402,18.265041251466567
107.10000860174081,-12.157896143564033,5.309496804060982,-10.2283513881402,-13.52882159635357
106.07448681132246,-14.316249020477535,3.382595642438787,-10.2283513881402,-30.630579167847216
106.85434476554067,-13.703381798974123,4.865441687362274,-9.708502487381477,19.795256387556044
108.40482084372971,-12.603714513208443,5.630095965284502,-9.204373186312232,22.45617659471852
108.19250776155334,-12.993715057666723,5.4938072431233245,-9.805607194314858,-8.930483023145161
108.31464142124226,-12.96060181273052,5.504039208877956,-9.791490000198136,1.733600634378129
108.37322347461108,-12.783948997171336,5.537606907810795,-9.688485377385794,2.3714624453961717
108.63509388705573,-12.385417322057657,6.541666982180198,-9.608792257373516,10.04060074369403
109.49845421092206,-10.458196548490562,7.349956872370009,-7.329199957161675,34.58893595157945
108.06219469543439,-11.385977794322221,6.2117405550210005,-7.952972610042232,-21.244931020803786
108.47280587407931,-10.741436849374919,6.351983733186417,-7.62606344005591,8.028931808779745
108.56000367233074,-10.667708042801197,6.670250230086128,-7.567324661040042,3.606580164676279
110.0985777050854,-10.667708042801197,7.04299826062641,-6.708670236190445,19.5298902845173
109.76202761639463,-10.94691091654851,6.550575151496241,-6.999761925213959,-10.130848039891998
110.14335098101324,-10.94691091654851,6.837416652200206,-6.1881238783252295,8.116380468887293
109.92811320411334,-11.65778861817117,6.355681045791463,-6.284495157786562,-9.21311142309222
109.90695785906257,-11.702906152783523,5.9475822759592525,-6.332518477798308,-6.396514502671562
107.4397405425986,-13.65237413233532,3.0591705232835933,-7.746285324726059,-39.672911619117286
109.39758634670497,-12.669725863470358,3.879453107096082,-7.145757722355866,23.26219081289053
109.11808868216049,-12.669725863470358,3.813372412585135,-7.38085883446399,-3.7040958229841605
109.30227220399816,-12.5959972448567,3.9210609141565036,-7.262912602966246,2.698910582362566
108.90451708461913,-13.863692610628014,2.974426727538367,-7.262912602966246,-17.669029770612898
107.54726829069165,-16.156179188691546,2.61011799315242,-8.260404065298067,-22.924865780635326
108.94668409209568,-14.145690926406566,3.491476538175498,-7.343145405059746,28.656836753773074
108.9727433801323,-14.145690926406566,3.5373213319164245,-7.257024387425563,0.9855481625112965
109.95494592844013,-14.145690926406566,3.818843639704436,-5.993072152187428,17.06268337406919
109.61063123222038,-14.469321181203025,3.4697278930479247,-6.454414190254146,-9.28864212705626
109.99044227096014,-13.913364834247274,3.830759401853447,-6.062157488404524,11.229544271892443
110.29093099388618,-13.719257990248389,4.068892666716549,-5.931654159556868,4.444783217972555
110.18483070878598,-13.802639055451813,3.867150301616484,-6.002380009413483,-2.6931601261368847
111.82430617645416,-13.395269395710216,4.977567511847305,-2.9385212986664144,34.933364079697355
112.1143856039715,-13.174772383256704,5.306182510368477,-2.6515062333167867,7.049127400987388
111.87079589168957,-14.042616528780089,5.1611509710662995,-2.6515062333167867,-10.246065705643144
113.0632352875647,-14.042616528780089,5.502932094728074,-1.117009664967405,20.71488807439648
113.29867312865852,-13.857592916816575,5.95060089082476,-0.960068131925887,5.976155532653227
113.24751103467412,-13.911098957419128,5.824654751422266,-1.0990186536567503,-2.093212694657768
110.99673411021946,-15.839967667909441,3.5840017715420283,-2.696308580782433,-37.995819597428735
112.1174548503642,-15.711498971007643,4.434663476811303,-2.696308580782433,14.10817937824622
112.69748408180094,-15.711498971007643,5.278902499902575,-2.696308580782433,10.695208847838629
113.28001192651371,-15.711498971007643,5.420030649883632,-2.371208780049947,7.394317499657687
113.07677958873411,-16.4496220156127,5.228093849023335,-2.5024374348811063,-8.804545544474587
113.52825044511145,-15.888084030606393,5.346058366289486,-2.4108149305508104,7.955872804422736
114.89438848792093,-14.879313667995094,6.690401484708239,-0.4995428790094487,32.753141087375504
114.60174808336309,-15.185361136908165,5.970006240555806,-1.29432146851047,-11.972899505970041
114.81529600076779,-15.017540166320185,6.376052858420524,-1.151971634772563,5.420520177026751
114.66529770238074,-15.28302213184189,5.928220077269517,-1.4518762033857526,-6.238531340768822
115.09726033953923,-14.866614393176025,6.36685139268262,-1.2102411324033655,9.576901538403495
114.5486943828968,-15.381097518143253,5.727667133080093,-1.5894139351188692,-9.87126570196362
113.90778554049736,-15.825564184402916,4.578544606053537,-2.373455278716838,-17.087076751634886
114.13728438210444,-15.630885501221698,4.869607676700181,-2.128285385301932,4.446293621934572
113.38753727415607,-15.802340007440227,4.512463342243711,-2.540037510163579,-9.868970844028482
110.98666101986142,-17.39734517926522,2.505846947526197,-4.571535959230944,-39.12793162584617
111.39335459581147,-17.285501479645802,2.7850689393651025,-4.101844006943727,6.823586059012257
112.72925578186842,-16.52178825828807,4.094790434370226,-4.101844006943727,19.46771488335291
111.54025080123647,-16.52178825828807,3.2003895016341066,-6.6326138725309125,-25.307698655871846
112.6442064448756,-16.52178825828807,3.516809104727507,-5.211983060907186,19.177760879243735
111.10171646095515,-18.440332291037684,3.1137729313604963,-5.525019424683165,-27.181940851372254
111.95601061549925,-18.205395167715164,3.700302273238838,-4.538391867712239,14.333517980029818
110.43445168576997,-19.075245935000613,2.208561374298969,-4.538391867712239,-22.17325332992595
110.53347024135007,-18.748211878885485,2.4301802954992255,-4.494056969679422,4.2384241216976415
110.62421535611048,-18.748211878885485,2.6057355516861618,-4.432486856229867,2.0810554825376446
110.91099516694473,-18.016535871160105,3.2926029954296316,-4.432486856229867,10.995673604582263
111.59572246031001,-18.016535871160105,3.488861911847368,-3.5513421325996353,11.894985432896311
111.74986329839315,-17.6640556934187,3.619672893725158,-3.3027141729035487,4.952891776599841
112.14631707611522,-17.335156555466945,4.1997440582039705,-2.959810089217787,11.934071961079704
112.28457212817699,-17.29713540778213,4.294665279736165,-2.80013880558671,2.3196708815299436
111.85636091825755,-18.419469264258936,3.0567192748364302,-3.4818727537885397,-17.909764331241455
109.79142686744791,-18.419469264258936,0.0511847063711901,-3.4818727537885397,-38.07549642923704
110.84817317620272,-18.419469264258936,0.41780809234636734,-2.741425320974994,13.413809819472561
112.56030641318463,-15.527558449382031,0.87737386647394,-1.4831163846140896,28.919108148769045
113.23962963068927,-14.49371954681815,3.4820259687144435,-1.276382885421372,26.04652102240503
112.24056188025827,-14.49371954681815,1.3347843681397054,-3.5478662591048735,-34.30911402913049
113.66582707403775,-13.441289088627112,2.737311342089456,-1.553873378778286,34.170713731668684
112.67506318578461,-14.355334675055381,2.118117669445497,-1.7799314357046403,-15.51835461767662
113.82914465756718,-14.042436637374323,2.2148029086122576,-1.6465333847073673,16.381367566502362
113.65243453643605,-14.34091218785085,2.167370896979237,-1.7764040745356224,-2.9847555047652756
111.02115427937977,-14.34091218785085,1.222238989985415,-3.693472012857741,-35.0161954187645
111.0269356931654,-14.311666292863336,1.227987951897585,-3.517924234039919,3.277954746272485
110.5998477885183,-15.096189383181214,0.9538302590310845,-4.727363473714829,-17.964513739540816
110.56083329913751,-15.16664657697006,0.8549447436174857,-4.727363473714829,-1.2734096878728893
108.8235432251797,-15.637665883938533,0.7094001608392813,-4.928173481976137,-24.659599834993966
110.03299651619173,-14.590789363269948,1.902496404837905,-4.0084128408887505,20.451519102144143
109.69849477349172,-15.782528441041777,1.7033365052322353,-4.0084128408887505,-14.070080391530023
109.12740425195358,-16.128322485308132,1.5389943655460567,-4.133082838750906,-6.95171171049961
