1.3174260093592292,2.3791709469252518,3.339127386322498,0.0,43.0
5.218825492450721,3.452084259762586,6.017695721421678,4.5057410498429,65.45845987675443
13.09015661549944,6.204163647863081,12.031682487809142,4.5057410498429,95.95746703449907
15.557903456595458,7.869241333668444,14.355915699515068,5.475753279073603,43.93738552045988
21.384946691325876,7.869241333668444,15.733583969208304,10.37720512848326,77.22399591885608
25.380327968053365,9.82876154647583,18.7142125484565,12.272146987223259,58.26613575908084
25.345991999966177,9.765689379131086,18.69217148924903,12.174913451257902,-1.444267008620697
30.571546211839873,11.662284912519999,22.5037279817583,12.174913451257902,66.66892746837432
30.338209675403924,11.500467340963345,22.08536541182859,11.889466474348009,-6.220914806097907
30.4910547843766,11.627268061264456,22.309000663474055,12.021666531412084,4.600951313567057
33.214823328481685,13.779449599959811,25.497761143494074,13.582442568716884,43.798261304392994
35.84664964341643,14.492998261466786,25.7182470995781,13.886650295432537,37.35690702108591
40.54858002657138,16.136949645226167,29.3106950170552,13.886650295432537,57.32008000768086
41.03147491254517,16.952592325966382,29.44031224385817,14.241547295980759,8.156426807402145
40.400335819091595,15.88109302141377,28.85876323701734,12.854100941494995,-20.15652930818611
41.13963889384474,16.943222055951697,29.324379733302273,13.338683255899168,15.139237032701278
41.26174159608393,17.1219524386061,29.440445140366048,13.464787024305139,3.6101049223378316
44.73881841625594,19.377766959941727,30.334565314505927,14.024935064647162,44.871393875864825
45.2840171917486,20.525213417509708,31.35896495537875,14.024935064647162,16.284153502120027
44.66965204753213,20.525213417509708,30.038543597532282,12.628112667110697,-21.097992382751855
44.78674522081621,20.70901587706393,30.078536465765985,12.72133670503311,2.289594517796708
46.17793852442466,21.514135303372736,31.37297573223103,14.39930846314673,33.80694356875906
49.72880135342784,22.755635152496968,34.08596566100576,14.39930846314673,43.2876977898153
51.45184018665117,23.600693280195514,35.3713846069709,15.216516680126645,25.1277181378267
50.8166657897496,22.474029269245243,33.758368539829625,14.810489899094698,-21.357828736673554
52.565940107950475,23.331954495111805,35.063359644469585,15.640141163489858,25.51032000321343
51.65028255635634,20.006361987627827,34.19859381509085,15.048894169559173,-39.66863100741287
51.056554325483695,19.649409555999227,33.47843958319502,13.34084163063128,-24.693561300545582
54.02408116390485,19.940168789757195,34.25634808559478,14.777194323658769,38.721548190577785
53.6426934294987,19.617692040762392,32.86430676546899,14.520281301771988,-15.774543228649852
56.263011349631206,19.617692040762392,33.80550110086659,16.42936242660691,34.87031231454567
56.91907269382632,21.291534923032355,35.3768361858411,16.42936242660691,25.154617350391057
57.277266786713746,21.62199279858703,35.60069528943175,16.5110899316166,5.610401248257589
59.60594956979066,22.632736030434117,36.82213956986274,16.70540402965466,23.286827830769163
58.96414618337816,20.995270205525177,35.28495377519796,16.70540402965466,-24.60794061750149
58.43249055472378,20.547311988424543,34.55318679264257,16.203349950004377,-16.21874507647344
61.07780434833533,20.547311988424543,35.47094150060411,18.05688451287778,33.57829201423385
60.581504311544634,19.439455031850727,35.006298533873505,16.74646786389811,-19.88334384934929
59.94056675095346,18.429062032980045,34.589277605537816,16.087203035921004,-14.401808639700524
59.234872548254934,17.177310915814214,32.79717752563241,15.636097407431715,-23.729067158911562
58.979428521592865,17.177310915814214,32.73239602878264,15.31360548070951,-4.504325541371637
58.77328392271523,16.827334505501884,32.54244869706707,14.860433469695838,-6.5835878209736
58.78730686621251,16.838354720621822,32.56911235573806,14.869781084505734,0.3559465673658675
58.323969301743645,16.133217038258046,30.792589589780032,14.72877692986792,-17.76522765958032
57.486498545847894,13.464092884996406,28.799457611839635,14.72877692986792,-37.20202455480887
60.25341082047606,14.096839010679401,30.117484760387924,16.248331985573955,36.42104954697662
60.43085818023316,14.096839010679401,30.34806749011421,16.317945906509134,3.0807141535558618
63.57251692493702,15.999106413244503,31.25213943807412,17.0037751651194,38.24245905382761
62.82384911445623,13.280006836339656,30.54508215565185,16.520354707734654,-32.43420760237879
64.55303184652152,14.426967682722514,31.509333143748897,17.529610956971904,23.42195284609889
63.836759993519195,13.336897908329325,28.76301307161695,17.311633147986722,-27.46320072131947
63.12451323128428,12.79085921117628,27.11199329847921,15.235070677766533,-28.985125902709143
65.86380334838414,14.56802167950487,27.816393771402844,15.676363197425575,35.350316412788025
65.14230058167087,13.28822953891759,25.984148074988628,15.215152154752468,-24.260632354937655
65.422323403798,13.524168965469034,26.36956947288345,15.479583852014738,8.542407007275711
64.91908187951546,12.997871870605007,25.130735753729326,14.112836189633887,-20.589296978897003
64.21073194532666,12.454820647768662,23.488749001867056,12.047634960071463,-28.82654315087826
66.63764253370475,12.692610127526608,24.124940175210504,13.22231668972633,31.667358180357247
65.91942285015737,10.526835423627656,23.71339806088467,11.95947349209338,-29.074279734673535
68.52695982880174,11.65861274087711,25.08110737351554,12.177056238781052,26.07536978644361
70.16093043577008,11.65861274087711,25.49548802320663,14.239904746668714,28.81232195949737
69.90832114371597,11.561399341413201,25.16390212594734,14.031265572539173,-4.681641048698683
69.52396321077384,11.200131416643256,24.774184788245304,13.516270209060801,-10.368896033168483
69.62002705339876,11.279826243135279,24.914740555870775,13.599358543140752,2.89171872022689
69.05074463531041,10.843390099979363,23.595118511097585,11.939610030351368,-23.167142958590325
68.61106801503021,10.282854040763969,22.80596088515824,11.396660238522209,-11.502459241223283
68.98369346021103,10.642061309285603,23.18433895565808,11.605102747551232,8.26135617347635
70.6230553064625,11.57925810919795,24.791574184233824,11.605102747551232,23.889962331473164
71.75472119616752,11.57925810919795,25.11593619435445,13.061392627168942,19.659139344056605
71.37609849706189,10.881889641959596,24.107678055695082,12.787213923736502,-12.864387203607189
74.22180055074283,10.881889641959596,25.09495467426815,14.781157751828147,36.12192049758584
73.49239018966222,9.37118405445641,23.379526524314493,14.284983607287323,-23.807519590205835
74.6870675224058,9.668032228240275,24.18868182862528,16.5176016760801,25.455762556698225
74.10729072345099,9.668032228240275,22.31189177067699,15.419908369329296,-25.272054617051346
75.00426873400055,10.376778027914943,23.361998630042017,15.933895428870388,14.423427194417597
74.27546081105038,9.038021678836243,22.894159816241036,13.870037167816978,-30.655702966214868
74.09958258557793,8.747396836384581,22.701902820368517,13.73259352273396,-4.802770742580675
74.3349293302389,9.403980178442405,22.90257695876621,14.204811034473481,9.333598323952419
76.66122091125467,9.670643975516532,24.66830422013988,14.204811034473481,29.284493215353592
77.22990249812554,10.487647509587228,25.02646251411016,14.577558083600712,11.645298976533375
76.48554667469806,7.784208713082068,24.32347756097074,14.096921908810147,-32.24740127611806
76.77033482113866,8.02046973801511,24.74016520785041,14.343243230203235,8.572707398105038
75.71725559374008,6.872884913438269,23.436168680993994,13.539108734436308,-20.934584999192822
75.12383859664965,5.0834497996380605,23.09613889449013,12.495705670858198,-24.022137192762244
75.41635714713144,5.69909566975203,23.64576576735206,12.495705670858198,8.737028020576012
76.62747074289,7.744749845470624,23.970849321113533,13.385797065367635,20.456541757185946
75.9426682870794,7.0285737636922105,22.28506559246118,11.525950231372452,-28.017563047214253
75.47488670467206,5.483605677918931,21.238097687878895,11.316504146886981,-20.02308285498349
75.00905399400506,3.8239699447080806,20.96074428714436,11.316504146886981,-19.59422882279891
75.3782284220491,4.6480530153894755,21.306370498652793,12.291261916430521,14.790291253358227
75.36780385442972,4.6480530153894755,21.272625228228517,12.271525048514821,-0.45439942183081516
75.24248434677949,4.549031998575491,21.12591162650362,12.199714363656652,-2.01514058692029
76.5755679117932,4.915639701843679,22.04116151074705,13.739297625454183,22.36674235258376
78.57863861926425,4.915639701843679,22.52644245618584,14.857180476484256,25.42597906647351
78.66648453477981,4.972385569884507,22.59605916080925,14.895332272294818,1.2994033428239407
78.96406838328585,5.24692646357701,22.782038926786445,14.963230615546456,4.661061777041315
78.53980834398311,4.88703625585528,22.243968978688237,14.510000490776854,-8.219582694117083
79.15416848120665,5.123464761509065,23.05040470274691,15.017422805316944,11.386016776032797
80.13141770046933,5.379857167566792,24.138085990968122,15.304030703355998,15.00746986884106
82.16531564745814,6.509864946603952,25.308337098992595,15.587330222126024,24.006942938368287
83.9030902333713,6.6801326592670005,25.763877924481914,16.42845393970598,22.67521947959822
83.30690220420283,4.780006765513292,24.344984885608028,16.42845393970598,-26.483792471876228
82.67868772204461,3.027379318642191,23.809322494706198,15.167956880225336,-24.91430950617763
82.58460145904753,2.9897166106426702,23.754312097578847,15.107706538362557,-1.378681482057619
82.3402978340178,2.3664122695364975,23.169179532168155,15.107706538362557,-9.367057302355953
82.69978727561156,2.9604401092282853,23.562146654181415,15.388636932609943,9.816709076494893
82.31539245350561,2.6415223043808065,23.17708913042887,15.108235201741705,-6.21458558229666
81.00118336868788,2.6415223043808065,22.188506365496693,12.310971268356068,-27.972639333856364
80.88336060464377,2.6415223043808065,22.03540239937189,12.264748520428128,-2.045554565019283
80.62210311844053,2.0916696808378985,21.54451341158924,12.264748520428128,-7.803313580569106
81.39600812117686,2.0916696808378985,22.670940784666957,12.264748520428128,14.270100857072048
81.881763154594,2.695850213908122,22.797863391557804,12.363328732249213,8.560032625328168
81.23836171452487,0.6452492683324191,21.26660516453703,12.363328732249213,-28.58110089641216
80.88483385856578,-0.6142746959572805,21.05611725576771,12.363328732249213,-14.870372016119852
81.97649358991067,-0.6142746959572805,21.332965974335302,13.741522830920342,19.24958228476673
81.45805447303233,-0.6142746959572805,20.420902131796193,12.028179616624472,-19.607086666963404
81.27555127823008,-0.7685875687418064,19.754776912496006,11.905240562609938,-7.548497961680594
80.84884670841876,-1.21484123546191,18.70435483146236,10.746358703351031,-17.457913717718213
80.98295282456147,-0.9726558124741774,19.044258098821754,10.746358703351031,4.377143728125596
80.63869135208601,-1.1796275603655357,18.626691031280597,9.755978506585752,-14.318068995126065
81.91664636970212,-1.1796275603655357,20.48676882935015,9.755978506585752,23.564322400945137
82.0457212878873,-1.0815143157066618,20.63299069145035,9.883689893756442,3.136608308788145
81.66923389087464,-1.7730887034528284,20.391314645289327,8.817542559131198,-15.836114633090776
81.47637803478,-1.7730887034528284,20.018216222159463,8.686690810576916,-4.4227585994564755
82.60704237631474,-1.4665395885140695,20.112939649362364,8.817382120662575,16.048978019211727
82.70259666847096,-1.3885964559029615,20.30753753048079,8.888878526631137,2.659326325012074
84.33673943654102,-0.22958899516475229,21.11345403310747,9.420211620448839,23.667955344157985
83.86085754773643,-1.2918679029577753,20.667926819252393,8.16370647475121,-19.065328481468587
84.3178766018124,-0.6850143568665915,21.123264180955687,8.512365812455686,12.208137607341394
83.8312958117437,-1.5462136232690238,19.670535511268792,7.5395027632731555,-20.237226297239594
85.68762683449434,-0.3418863408710635,20.14788562550669,7.838552867253439,23.955801034533987
85.16224560059283,-0.6577482103623349,19.5106319136582,6.327122714855931,-21.850963169521354
86.26735294924093,0.3617868237033728,20.201286353114728,6.579269995244692,17.309318527099805
85.96413328399532,-0.33159802374899905,19.943960243897404,6.090179059660956,-9.743129758307465
84.62391634073734,-0.33159802374899905,18.935813681313963,3.237557995328693,-28.526210643322628
84.74927306288006,-0.17126287623246417,19.2534609829503,3.337500999736946,3.8241459517714356
84.7464431571324,-0.1855782546830569,19.250646961854148,3.251573286086503,-1.604504247753074
84.32449342184553,-1.5791749659170529,18.306257856325704,3.062648105555218,-18.061280794356584
85.61622518457843,-1.5791749659170529,20.186387860746926,3.062648105555218,23.81835298816648
85.95517194278746,-1.5791749659170529,20.62682985349734,3.195619443418451,5.884551208571596
85.83709647470751,-1.5791749659170529,20.373056716531178,2.9271627121629415,-4.05484482573909
87.47929169015205,-1.3909294272833317,21.61953367757563,2.9271627121629415,20.672754454956607
87.67753536120803,-1.2238948344915959,21.89239484025438,3.1143685620669643,6.047643231049648
89.96517671223778,0.1612669301844336,22.55070706972412,3.613764422418693,27.846764338767976
89.8338156045298,0.05803413418724679,22.300932994884043,3.5261998511078936,-3.334359536076454
89.23594251173972,-1.0315776832304275,20.53215969984457,3.300519580226853,-21.57507395608366
89.20050314837172,-1.0551215738232995,20.50254001102247,3.2705326071001735,-0.5775678709995891
91.32100627434635,0.22883836624942355,21.112755043125095,3.7334419186921957,25.81224141715042
91.36332285520335,0.22883836624942355,21.144586692281514,3.8235117917306383,0.9006987303844283
90.96637660296051,-0.10679365702016314,19.695757757466694,3.5561181343306933,-16.418057663036798
91.90547204128303,0.2546050042801793,20.928455102034594,4.331751109219288,17.404378583803915
91.90915067277442,0.25918047418277945,20.92941628918976,4.332497658913446,0.06482527903280205
91.73838287299985,-0.029258086750320655,20.88357929799987,4.20699419699958,-2.8843856093310007
92.43532103712339,0.2732414797526922,21.24913837739409,4.265149353096465,6.96938164123535
94.3456038491056,0.2732414797526922,21.711939738123192,5.331248711530268,24.24817586685521
93.97895467038055,0.2732414797526922,20.92392073837531,4.497634061183091,-12.591146572530498
93.9332652130521,0.1758005886923747,20.04254483619598,4.393917509872726,-13.814630568264798
95.71207028509613,0.6580755667318414,20.191567412181,4.5995261566766885,25.2488757741724
95.32320245393589,0.6580755667318414,18.93276698985791,3.8632814220739777,-16.95046970767414
96.14607428973956,1.5215523828160795,19.423841572311655,4.499297049036542,14.528458454469728
95.83882209643839,1.2333900084497529,19.0658340012832,4.2869220850713115,-5.528903135277602
95.51632572122611,0.9570173654592778,18.74478820759796,4.058058795215999,-5.44412640819983
96.83557356213078,0.9570173654592778,19.122915608464197,5.7557394418578784,22.917786397583217
96.50980904093335,0.7465831019677849,18.864751613975784,5.614258743272091,-4.81865895907708
97.59020038678032,0.7465831019677849,19.239578315627032,6.371273924530678,13.713948110092588
98.94687739692112,1.4275030766806278,19.807988003940178,6.78740577229,16.1193896961472
99.92599229224197,1.5397394351357816,20.551166493169006,6.78740577229,12.32557592653754
99.92599229224197,1.5197367795461967,20.551166493169006,6.784920055410502,-0.35246962828542516
99.29267509574412,-0.24712650151721838,20.011153148507123,5.514184523874256,-25.116677659078086
99.75433059539067,-0.1191371156653854,20.28046215671403,5.8255857571424094,6.958530377546986
99.04581619058511,-0.675937559027695,18.933270944193215,5.353294062843899,-17.984331917807474
99.51336085205666,-0.5501794267465825,19.46280271597839,5.554390975223344,7.084642406161591
100.37790984211811,-0.2363945751378007,20.09341091226758,5.554390975223344,11.03013222603151
100.0351091061689,-1.2701021988690264,19.89698502350859,4.9516456210458175,-13.876930302178167
99.68594039815478,-1.90067426878486,19.011987469874555,4.9516456210458175,-11.396658588750292
100.70005391815343,-1.1518424295116998,20.009922150839827,6.370423787765793,24.313357917200555
101.49164712016345,-1.1518424295116998,20.20170025235245,6.8121997381695705,10.048088721181847
102.21496428338833,-0.8893171459965667,20.729292947375818,6.8121997381695705,9.22826125927389
101.66023314312712,-2.7214583420599174,19.48771841479818,6.563822568910484,-23.744901469886067
101.93696314528677,-2.542698930272481,19.70702321352127,6.684007400215265,4.093347855225588
102.44057230265675,-2.10678577317721,20.20382139379548,7.066990261051914,8.515890922375721
103.10038839850286,-2.10678577317721,20.39294017620782,7.916077886234319,11.462231642478294
102.92811064315143,-2.7664996609903016,19.98599451299247,7.096584487839634,-15.764577053734833
102.45392296930865,-2.89690472980067,19.660433366651432,6.548943346084553,-7.956015516179032
102.31876284748584,-3.036906296404787,19.555730092506263,6.548943346084553,-2.119891713544712
101.94976566526856,-4.351543278820751,19.33603185963016,6.548943346084553,-15.521055215252854
101.99060249400588,-4.2822136587004955,19.37366004245238,6.6387158063045755,1.3041954520566028
102.0740307287516,-4.155247065435545,19.69353947748015,6.664104914840873,3.1987943502777356
102.45283819121386,-3.529297725761003,20.107623623209133,6.960131772546564,10.344233306299724
102.54188978771366,-3.4185356392304436,20.13089185513261,6.978204102511321,1.569277761289292
102.04108788212082,-4.7311283995663755,18.683088285507548,6.180902087855893,-20.94584144000299
102.27375151346763,-4.39686927557046,18.829620916765442,6.333403389156934,4.764419335094022
102.2577079896011,-4.42584265669273,18.78895725175862,6.333403389156934,-0.5236510599911632
102.00325191025122,-4.495819934397842,18.614256352818643,6.039531098693538,-4.26931492986239
102.90152117366951,-4.181755097564988,19.30056714046059,6.039531098693538,10.950580262106667
102.52223292240043,-4.437674543254879,18.943336675921564,5.890441963613894,-6.753097133735488
103.31620486816212,-4.437674543254879,19.13105279757019,6.558296157442095,10.522263835926848
103.70896291522976,-4.245047787842394,19.42405758953798,6.744574665598658,5.727737130925109
103.46392637966937,-4.6951584513074875,19.26676291898826,6.05067348498431,-10.306923145953764
104.18697962393932,-4.432728956198865,19.79416310964456,6.05067348498431,9.22489411524474
103.24874643159873,-5.08338838166812,18.111950561466493,4.90290711936992,-25.013951295219584
102.87963807386663,-5.389601684430448,17.571889835803226,4.5836548627358225,-11.1109187253071
103.70313498819743,-4.738916860262447,18.53597117139236,5.055535725543957,13.241849464515452
103.1634612212417,-4.885234834163867,18.490759036455692,4.993155875900365,-7.660286174463796
104.16323138362927,-4.535681904204161,19.25462024773441,4.993155875900365,12.187952825217064
103.96396369175751,-4.872258743396479,19.201133399225423,4.846706807571877,-3.3657683919231824
103.37407735841136,-5.873722291608757,18.657595825868512,3.5499472639922764,-18.8390503613525
103.65560550270384,-5.469261352240321,18.834903553412907,3.7344772144144573,5.765052863121891
103.66537728573506,-5.454957700573664,18.844192176469228,3.744569199617776,0.2889138518158343
104.53247608691618,-4.8924121577805355,19.0671641069744,3.8842565632810526,11.189839583458841
105.21731109466836,-3.4510818779139125,20.353932837084855,3.8842565632810526,20.45484856378249
104.4908052090782,-3.4510818779139125,18.792493525357894,2.232470646570863,-24.949031995872346
104.34458250114344,-3.680609292769139,18.742551540465033,2.1160550530113826,-2.8591821459361118
105.36146528989734,-3.0921130102027403,19.688712658220098,3.342556500664343,24.710943451407772
106.1095628494045,-2.830553200099044,20.260286735401117,3.342556500664343,9.119873853965574
106.50316026969689,-2.6375147771419476,20.553917715371764,3.5292331093646356,5.739978023815695
106.19159924333628,-3.190157637634347,19.76271305746022,3.330071869167783,-10.476283481343069
106.6759355907818,-2.9526166379442884,20.124036961032004,3.559784418463074,7.063257651453068
106.09734793900417,-5.053999143144589,19.577606879516598,3.1861860035934813,-25.06589938984733
105.57577095004963,-5.367573881228384,18.944967472589582,1.6857000002232758,-21.692742032449285
106.04027119742736,-5.322061997642593,19.06673172662213,1.9105290304428975,6.060996140119565
105.85442861730533,-5.479198438214997,18.388417960261872,1.7853404767818097,-7.6866179727131225
106.34402140517872,-5.479198438214997,18.564275231266095,2.1420423651302056,6.51533666541923
107.34328614179383,-2.929723176966979,20.957618100365472,2.1420423651302056,38.313676462877766
107.0571608772499,-3.1936927647999767,20.778799558945327,2.076758474480556,-4.481585747031944
106.38284201792355,-3.486374631185575,20.4251047921456,2.020490758717689,-6.743188593263552
106.14328868478444,-4.097559309488611,19.85134966937445,2.020490758717689,-9.184922238511005
105.70913082327252,-4.463368624957234,19.25377791211613,1.6105059605956753,-13.24446746972393
106.3843139782768,-4.463368624957234,19.48802328623317,2.083597401426875,8.570437729004814
106.30956919715331,-4.630216337221596,19.41804618715128,1.8862433850098455,-2.9945115330496757
106.0180811966054,-5.08972667507226,19.228391836928633,1.5864204406946971,-6.549708837141697
105.70081821797483,-5.652483583684446,18.422707154837305,1.3836143033844492,-10.668012431125247
104.64690495218073,-5.652483583684446,18.15543107169643,0.05307420767238713,-18.583986885654554
104.833623996362,-5.335486382810425,18.327479160347856,0.4635426128931362,5.96319880272627
104.97153914411474,-5.227102961253621,18.589715289727614,0.5554760702227028,3.5007217592980044
104.81669937853675,-5.462748334757014,17.996030706997438,0.5083548093452896,-5.936845827301751
104.24675660427495,-7.279227315126938,16.63959985734675,0.5083548093452896,-25.317928935017193
105.37373440179789,-7.021506518680934,17.176439187804384,1.1272775072557515,14.83448339808373
104.80894501913163,-7.021506518680934,16.442527577319563,0.9057064256472211,-9.80546933659538
106.31571599230973,-6.109160036033852,16.876129530793026,1.2346370013096077,18.341466062282826
105.89372123133215,-7.641810111229885,16.477588996905723,0.9621517982463886,-18.2818941766358
106.95427711901941,-6.938347107568468,17.068990960198036,1.5811567405611342,14.365335445141179
106.58039277138153,-7.507348981326928,15.635448535949612,1.4673752334834096,-14.335424242484233
106.16921778705846,-7.8225732331539115,14.68232657691558,0.26859050547779595,-16.73290679658834
107.4635391733026,-6.982859551412373,15.015157550493072,0.4771023174318276,16.70311233481558
107.08565651434428,-7.653142853584772,14.05553007909751,0.23554585613066417,-12.706357737277521
107.43300302824798,-7.360478360446164,14.533615322027726,0.5635527932509,10.59619095252373
107.22534455826428,-7.577650521730233,14.022420791627,-4.243722432090147E-4,-8.496003812032892
106.76072666682825,-7.933846381880805,12.945415789445681,-1.3550224237969855,-18.907784203423187
107.34921241583251,-7.876186358981401,13.099681645364633,-1.0701814985367164,7.678811525647478
106.95295919327867,-9.071078709336966,12.87262731539586,-1.7669121759398898,-16.040742550237177
106.9909318111318,-9.05459704563872,12.892544771404365,-1.7637435971012874,0.3797261785313166
108.05330222777332,-9.05459704563872,13.161965617521846,-0.42252655228611413,18.73311450890354
107.75348705476746,-9.169977014212941,12.768415236438477,-0.6701547752180247,-5.556513814488852
107.56022454712637,-9.351629424862802,12.57245791775124,-0.9291042773331651,-5.213678909917789
107.75959214941103,-9.186233516911827,12.864162534317387,-0.7566656001918978,6.0013737945539765
107.47615710771497,-9.403526889239142,12.20714746165922,-1.5830232637697512,-11.534486086003902
107.39483027084498,-9.50720905596091,12.06117724048036,-1.6834525045161488,-2.127606024897272
107.73737050547228,-9.17700363485896,12.409005642225575,-1.4918393259945943,7.594346866540813
108.5828476741446,-8.693657936232094,13.237913972350377,-1.4918393259945943,12.320902647507289
109.12486908186733,-8.693657936232094,13.393270031887686,-0.7943363811912514,9.415919025941703
109.10331016249086,-8.733366359938337,13.335859432963273,-0.8099482200377053,-0.7325030622977868
110.43076588733972,-8.733366359938337,13.796401673370704,0.1201815334280738,16.850059933376297
110.0858536400754,-9.447725364063995,12.985236642283912,-0.1144415928111645,-11.257730245950833
111.32529458884659,-9.139754523677555,13.82471035672616,2.2018309115590013,26.409569873156983
110.87191074181774,-9.139754523677555,12.357065742329633,1.3434377934320292,-19.76267654252046
111.68445081327577,-8.497727232105042,13.30831972237342,1.809040157342987,13.065663177229323
111.20683825610219,-9.375059685802283,13.001729075965445,0.4565238211931122,-20.08972216764589
111.22930886046996,-9.337928791192475,13.02629226950224,0.4740839356599758,0.6136129753171173
111.77097435020026,-7.826760501880202,13.488156552384018,1.5609225495702665,21.481869716842322
112.31049007154586,-7.764915584411868,13.897665671917354,1.5609225495702665,6.791687082675429
112.98578490237169,-6.79474479629093,14.322969480092961,2.0035501311423034,13.828494510514206
112.48247233643428,-8.622734414560227,13.84763073826547,1.6785574074980256,-21.80478981995529
112.80790619778368,-8.352753593408453,14.32378914441924,1.9600343571377017,9.796226794030984
111.86007145569354,-9.385649065970703,13.150113717573525,1.2362648699322074,-18.842387597456412
111.51325263802937,-10.431473121395198,12.951385455484498,0.6264545365045853,-14.03958642878357
111.97755796205723,-9.45427815465248,13.823790582879877,0.6264545365045853,13.868004676806251
113.20246146771622,-7.385331872504432,14.152575583749346,1.5266806369378971,20.68946282148047
112.73049114603327,-7.878925101954062,12.990722436248387,0.24486206126897847,-19.309887299562057
112.47175317213967,-8.73347330837568,12.411626626256954,0.1290138586509243,-11.07510873416744
112.11279986040668,-10.012326701589425,12.197908440662989,0.1290138586509243,-15.098581885172877
112.67838551454481,-8.749808154286672,12.727417561755084,1.6223703016592927,22.65914407383059
112.7241188163861,-8.749808154286672,12.875460405772966,1.7089573113797263,1.9934818089208926
112.17775795970527,-9.18151434744288,12.235826795426647,1.3958811747622084,-8.785495235705028
112.99297859428033,-8.957322727095868,12.795529586016523,2.3373825754270725,13.677934656603913
113.26979576491183,-8.957322727095868,12.862593668066502,2.4918699665937663,3.5137788992996946
112.77716007160156,-9.275550841410816,12.47218651769584,2.277916520154486,-7.286991807472086
112.59538698425142,-9.443248604918095,12.358584531512628,2.2364421876570377,-2.8471155064227864
112.32153218376808,-9.675553446056364,12.011266790900805,1.9438875421716857,-5.30564269605285
112.80875702371883,-9.488051305459239,12.650819217529161,2.3463042046630425,9.02980168350421
113.1698862492486,-9.39330496112222,13.052757119853519,2.4522162752069847,5.5458074195087015
114.00781142877904,-8.927764410023126,13.534877115716064,2.5689299974847932,9.89037921071247
114.51557112936786,-8.878013951302783,13.667981417638455,2.814697619165216,6.625463824294905
114.16141793520913,-10.006744522285842,12.825117292057733,2.814697619165216,-15.732150325852233
113.83544045012174,-10.916174507827483,12.547164643716673,2.160631733899486,-12.92791584111798
113.24485779296495,-11.152584600624648,12.20186251913626,1.7824382988702763,-8.654030323977812
113.22564813372301,-11.20159518732886,12.155853389343221,1.7824382988702763,-0.7365342157984998
113.77270775673792,-10.297622473689662,12.753858283931368,2.2099492568807677,14.938756317363731
113.4023567966515,-10.60488861886516,12.382868833998176,1.939792001202848,-5.9875357434143766
112.19986955419368,-10.60488861886516,11.47832618802378,-0.6196745498521585,-25.594665510550062
111.6770018913692,-10.60488861886516,10.798889462987637,-0.824799428516181,-9.077654418217568
111.61973256804008,-10.725419854691815,10.691283435812755,-0.824799428516181,-1.7105365858739345
111.9465600140155,-10.725419854691815,11.166984432857761,-0.824799428516181,6.026399364829377
112.14422199155968,-10.4795685289315,11.218631398400499,-0.7846854651503181,3.4832227360822237
111.69991388065544,-11.895634107288448,10.161203783564767,-0.7846854651503181,-19.73700112558639
111.46411923306097,-12.73570654936176,10.02081336896359,-0.7846854651503181,-9.918183447319588
112.1961641495522,-12.73570654936176,10.206462515163059,0.1395035975235337,12.908380195340651
111.91757998006402,-12.73570654936176,9.71636340839835,-0.7811643861672886,-10.535902437471082
111.89576414811494,-12.754152602889175,9.636736989490773,-0.7958601165366426,-0.9023226315484972
111.71588933484715,-12.942268223508943,9.193937710912989,-1.2843799796489728,-7.359281320583
111.98532198538423,-12.455693395202136,9.87683749867064,-1.2843799796489728,8.79412118083923
111.76611145222026,-12.587483882470151,9.610949193339172,-1.9150104402894375,-9.11711530114357
112.51451020552105,-12.587483882470151,10.700251935555013,-1.9150104402894375,13.799788931649761
112.65557198838732,-12.480259106278393,10.860053056112674,-1.7754388161511503,3.427897274015996
112.4464904002266,-12.864323679139495,10.725838705372922,-2.367521790788637,-8.794557331943638
112.16827118206753,-12.864323679139495,10.187596550420505,-2.55629216009313,-6.380394479923056
112.03022693400722,-12.901750650620558,10.176031646671818,-2.572248428426757,-1.95944014630489
112.23763076237158,-12.73257244068914,10.598412940330146,-2.4170630570786287,5.7721578825139765
113.2508516505161,-12.013950670498158,11.098107000431218,-2.08761951044509,14.674890837533328
113.00644315958847,-12.559527190441212,10.869288386890284,-2.7329488111129145,-9.791774540738116
113.51800320115437,-11.880251299219381,11.37896604168828,-2.3426802135616454,13.665065660075323
113.27081746842276,-12.317745290019044,10.640971842151409,-2.8369000236485515,-10.28062289518714
114.01881988119763,-11.832465616316533,10.833318483355105,-2.7163987786785824,9.652910366834535
113.61044585554086,-12.077982157205785,10.337987004269435,-3.891219605928214,-16.984553726348317
114.31412638826504,-11.428790061270526,10.777763361271873,-3.730664042881809,11.021762272364175
114.2389234031821,-11.60075981230056,10.71394266040392,-3.851965866439697,-2.416441035516755
112.89495184761493,-11.60075981230056,9.702971779330563,-6.712578537067846,-28.606126706281486
113.20804349751066,-11.200305851681904,10.496329455363403,-6.462960330633818,9.551208303923147
113.21559171760546,-11.162122379538074,10.503835306257109,-6.233764960642129,4.279701263936809
112.9661515873425,-11.985962083923516,9.94554951579018,-6.34545011577,-10.67712065513534
113.77339631690224,-11.985962083923516,11.12050323353816,-6.34545011577,14.884854945280722
113.69147029116807,-11.985962083923516,11.014045032777842,-6.377590305884965,-1.4223410670596142
113.69795556374922,-11.985962083923516,11.027983473960928,-6.362845371083977,0.2227115792702632
114.10491875606635,-11.939311719447147,11.336881124158438,-6.362845371083977,5.123051186518055
114.35890868381087,-11.725306884245986,11.686471033505358,-6.122997107393141,7.748244668275859
115.60930634434922,-10.968193873835306,12.046296699037336,-5.850033246521655,15.220711483941722
115.62359230834696,-10.95696695871001,12.073460473026419,-5.840510303734017,0.3626228578539048
115.24133379683161,-11.653625491228812,10.942570564911277,-5.984802136675991,-13.794324842081204
115.09004100833056,-11.754135786037779,10.816122319498508,-6.112818341028539,-2.46567222003365
116.22687605706439,-11.065784685223452,11.143268187505495,-5.864645384640567,13.838348253275164
116.33591391045186,-11.065784685223452,11.22528933910864,-5.632560811357547,2.3208457328301932
116.09768452911048,-11.267216009515073,10.355767032599303,-5.793038521417973,-9.85338367044121
117.01190258370127,-10.91539108567571,11.555809245841381,-5.037952679827944,16.9433227773621
116.79458663510344,-11.185687956806118,11.49902690738374,-5.082055263992991,-3.8295673375022523
116.76038288274265,-11.243460447419018,11.489846036647613,-5.107192844598889,-0.5777249061289935
116.01230577424721,-11.568156399914718,11.097463479378144,-5.169615227611547,-7.4807710849543385
116.93874613451939,-11.568156399914718,11.321910800308293,-4.652583159104122,11.759771194675599
116.76235047881264,-11.568156399914718,10.942793278067377,-5.0536368403535095,-6.05762588500682
116.74036384488133,-11.61504680586291,10.518658467759039,-5.10354721310943,-6.6478623945388975
117.63993322185752,-11.371152852363194,10.594021501034062,-4.9995677241743,12.768748980135102
117.39482271638259,-11.371152852363194,9.800576574291023,-5.4636362446103846,-10.684191041694485
118.32067227253074,-10.399616834077893,10.353106341890117,-4.748026886864574,16.346612226010148
118.19769142231395,-10.514956787942184,10.209810129758703,-4.83303215030171,-2.213000340330253
117.98037932963332,-10.701188702544021,9.993475502040397,-4.98725019515103,-3.6684893025697174
119.02407276205996,-10.701188702544021,10.292622540730274,-3.6441681097993484,18.130894292396036
118.5348091063008,-11.017238580150053,9.904887684692223,-3.8566570682500783,-7.237113143901523
118.85303661752037,-11.017238580150053,10.015292279160358,-3.633679479607424,4.039421079079248
119.61291678320295,-10.635852605939679,10.333660796428992,-3.4006023838377164,9.028533999952593
119.8289912009501,-10.611083903186657,10.497667962605034,-3.4006023838377164,2.7200501743486782
119.8289912009501,-10.198987358387097,10.497667962605034,-3.349391416733699,7.261611605153028
119.46078308007309,-11.226234703263458,10.183706333288784,-4.0881920442644315,-14.602737356041848
119.70613713731065,-11.158212736393935,10.326834830327758,-3.922692973919517,3.6982201270191615
119.21720454569967,-11.542450349541665,9.397163271830516,-4.248612673679299,-12.410652420508903
119.5837841349726,-11.44384936384279,9.81234401370236,-4.090942124491352,5.554732023294305
119.89065489593037,-11.332471758528182,10.03617773427349,-4.090942124491352,3.9151339121065725
119.77162344120158,-11.691408333959554,9.96797234019627,-4.300234721661848,-4.818517079505205
119.65007879848676,-11.91090869348423,9.65990718718837,-4.300234721661848,-3.9671447197852805
120.83075611475314,-11.039084436246206,10.821748359498947,-2.6484283260006207,28.306722678485507
120.82350255551972,-11.039084436246206,10.819991050548515,-2.6524764254739566,-0.09207305789975662
121.00003155240556,-10.975013891107366,10.948752559264182,-2.6524764254739566,2.252201089542802
120.6671832676861,-12.074330317054507,10.203786352165674,-2.8015070256173558,-14.247351827702449
120.87350684639948,-11.941051376278859,10.367295008792862,-2.711899956241628,3.051906811035274
121.5714669690985,-11.336912241475922,11.055815687550302,-2.1811177799660015,11.80231174530901
122.07859350961795,-11.336912241475922,11.201170058981683,-1.5285194686070598,8.809730341646919
122.00544511419204,-11.617023926442254,11.028382677180666,-1.8764728479183002,-6.693571748112623
121.52662645741162,-11.748702549336704,10.699642055292218,-2.42946232942011,-8.033715072999046
121.27104797752843,-12.013435867799185,10.501655376352277,-2.42946232942011,-4.008569201905662
121.00615752414689,-12.95716878253795,10.343941531048696,-2.42946232942011,-11.142034549486919
121.27814706495927,-12.495405905148564,10.59456021236822,-1.8315419965289332,8.686461047604451
121.56190355908613,-12.06356654661598,11.68253561186484,-1.7451884442905918,10.87975399496619
122.06017918939133,-11.240205518461655,12.227213473729968,-1.3558007375337138,13.606594065538161
121.94732967528948,-11.380567377621686,12.197727099877259,-1.3787026700691483,-1.9886474786865194
121.66205466781962,-12.128268025977743,11.373005449406001,-1.8328749398757278,-11.931514250501596
121.91529476876231,-11.764447458870864,11.532497236396269,-1.666886621410082,5.185778397630423
122.01338403920506,-11.587305713691563,11.781112769195033,-1.666886621410082,3.201575343946562
121.6262387126496,-11.693773502151663,11.515311941238958,-2.11400222638104,-6.495601625682127
121.73841458062401,-11.654553084503283,11.601018434201846,-2.11400222638104,1.3675084918866673
121.25382879977012,-11.981520566386477,11.144614095221588,-2.304481300535506,-8.62788350755376
121.47874383110985,-11.981520566386477,11.197790001006359,-2.115292692881188,2.9807291215460454
121.66317490337819,-11.891067017914235,11.335379003614559,-2.0278201502907494,2.689627134605286
121.56579779149506,-12.06994024731161,11.27287036302465,-2.3035753259260527,-4.095954123980174
121.69941527517194,-12.021444276846236,11.370331908110938,-2.3035753259260527,1.7047252724925013
120.94511545036569,-12.544546949664312,10.017904131374403,-3.2263309644700895,-20.110159429157246
120.65731339948358,-12.783308317962414,9.596806691582541,-3.475259097044972,-8.663432104262183
121.55889202580846,-12.070927348787137,10.652299567244661,-2.9586357889597483,14.497405202690052
120.3104025324659,-12.409421573054438,10.547705127239862,-3.102946281047648,-17.721422441494592
120.74175914806635,-12.258604940879145,10.877277462244109,-3.102946281047648,5.258562697278703
120.7059978765454,-12.31900818849525,10.867678526790183,-3.1292285390860237,-0.6040324761610407
120.32310899922868,-12.969047411261238,10.514874131303442,-3.9709412178226677,-12.22822505762047
120.6833926619175,-12.45144136865249,10.741782448634435,-3.7347903115572616,7.377785856330896
120.79153938103758,-12.293139348003605,10.844581917827973,-3.6230998364761224,3.197480447773672
121.09144967852407,-12.09856728671258,10.9217029770635,-3.5747850668855157,3.870318023424724
121.93223180757262,-10.32902465578604,12.501488093549339,-3.5747850668855157,25.11272194053197
121.35090202125998,-10.32902465578604,11.252067821215226,-4.896498177599472,-19.96352091089544
121.26189083174742,-10.468746512333249,11.221666281367428,-4.967364670272844,-1.7404902934527737
122.32199924915359,-9.855234444216357,12.208046792717905,-3.6887271291545973,25.76135562977361
122.47254963761027,-9.802597016764102,12.323072832113171,-3.6887271291545973,1.8353228585520274
122.69276281900595,-9.694594263038205,12.487355952179438,-3.5842837365543363,3.2114509816318195
122.57012220617612,-9.912132572879218,12.175911914221436,-3.66268011634229,-4.123807914420777
122.86142596258999,-9.769263705248337,12.393229922559474,-3.52451966470976,4.248191359659795
122.39178463688755,-11.474962163412922,11.949690992722072,-3.827770614329261,-20.346065428814395
121.96846253793684,-11.729465561980454,11.436228460266259,-5.045594440618114,-17.606254270494837
121.81374401874041,-11.744624932236952,11.395670494621829,-5.120481838040024,-2.018832827212834
121.75879450205761,-11.791086682052523,11.195108203696284,-5.157497308409511,-2.272761937810995
121.78184046525008,-11.791086682052523,11.203386103810574,-5.1407067453269315,0.30668795108286906
122.90556022720594,-8.924082945498704,13.894811689640107,-5.1407067453269315,43.085514595820456
122.45816685564485,-9.336833088616748,13.615206076094882,-5.242786441060643,-7.007531335971556
120.947207684221,-9.992650947198603,12.822675444051532,-5.36886658847326,-15.109591714238519
120.84535963903555,-10.252501077091434,12.578738793687991,-5.36886658847326,-3.905044287692802
120.49149009111375,-10.550661696916844,12.09167529366189,-5.703033369793349,-10.795183345649603
120.72148631332392,-10.550661696916844,12.1714692735884,-5.541878217528838,2.9194571661762305
120.81019394475761,-10.352645659641308,12.254518586474862,-5.307657084131503,3.553907328443731
120.64904705757357,-10.606682396777428,12.149669645448666,-5.473411880527658,-3.6209558852620085
120.48783724371633,-10.892634249325244,11.74027968703559,-5.5764631088367835,-5.420702742159696
119.2954571696246,-10.892634249325244,11.437887937959033,-7.081814212574699,-21.025616033915526
119.640244605097,-10.307280717656683,11.755584611719133,-6.3238607354718726,11.011388963667088
119.8731616056284,-10.124238159477368,12.198460203569274,-6.168599580489297,5.912168642508351
119.84826355247041,-10.162129659855326,12.102996417217517,-6.176176624111249,-0.9546378635175838
119.34912101026084,-11.752959436241959,10.915066026305814,-6.176176624111249,-22.172849596125655
120.03277353096041,-11.59661964630619,11.240726001404445,-5.800722854325644,8.998963414067987
119.32771166352842,-11.59661964630619,10.324538292323142,-6.0773238765161555,-12.24077989722455
120.26329335129377,-11.030127009232517,10.593769684930479,-5.873084859031802,11.388552129091824
119.91827709476117,-12.283197521988559,10.267929234305536,-6.095864460616456,-14.946988148706165
120.79549292652341,-11.701343334920216,10.757094558979375,-5.583867929701255,11.881976072503885
120.55621786802156,-12.065487909282236,9.839669292064634,-5.656684769813587,-9.17425266914741
120.28829283463968,-12.270890648781494,9.21860711068798,-6.437822850957724,-10.903300986154614
121.05733817786897,-11.771959005178532,9.416364880151244,-6.313931644572834,9.924467674756242
120.79850360072322,-12.231076381889855,8.759058266873966,-6.47938820373345,-8.703349185318096
121.18641948035207,-11.904229271734412,9.292982892932717,-6.113070724086498,11.833804484944416
121.11038381943735,-11.983748439995695,9.105805293203385,-6.319575070008564,-3.110873662088993
120.76238458812068,-12.250539469388595,8.299127548347524,-7.334170266131505,-14.16194789304317
120.79486168238525,-12.247357353250406,8.307641104967988,-7.318450589664001,0.42377489375105526
120.48079286890868,-13.194424534912002,8.127678697221716,-7.870676703446591,-12.713832199437707
119.64476702782599,-13.557293821645453,7.6891651352613,-7.9404378613110564,-8.36025841082683
120.59340547005766,-13.557293821645453,7.929743155659877,-6.742804692919308,16.727642531738997
120.33088216726591,-13.658322499155117,7.585143698530533,-6.959632208007304,-4.8653787063642495
120.2107752956584,-13.771214042524905,7.463362082409578,-7.120561583202682,-3.240145598230651
120.45259234409133,-13.570601957987305,7.817176586792127,-6.91140717965801,7.279189200809361
120.29180362910908,-13.69386943367274,7.444461171561426,-7.380188266313135,-6.543351819349226
120.33264404109872,-13.641802704314214,7.517763960660336,-7.329755079363474,1.0684333727049373
120.65117654724831,-13.334740497615405,7.8412140004446,-7.15157155580698,7.0620794155775615
121.21135993484873,-13.014492664945863,8.390419459308369,-7.15157155580698,8.163396055051425
121.62229800806732,-13.014492664945863,8.50820395796373,-6.622753852081882,7.138757929063426
121.7106668282588,-12.851730028595318,8.743526833143289,-6.558761786626784,3.002489608664312
122.60454618580826,-12.851730028595318,9.053645803044645,-5.932432960058728,11.34645808968982
122.36877513419655,-13.340043142921846,8.499159164988507,-6.092813873304354,-7.695426648085213
123.67198156270756,-13.016228136338876,9.38182125737118,-3.6573761698210463,27.76826218871548
123.287694701147,-13.016228136338876,8.137849848930577,-4.384947739721298,-16.750788530140113
124.05650125814336,-12.408756814160466,9.037904286755687,-3.94440558936874,12.362427251292075
123.65714776111253,-13.142334225767943,8.781549957370945,-5.075305773043064,-16.79792685834095
123.71597332852843,-13.045129633121789,8.845853692762287,-5.029335327366799,1.6063711885988239
124.33687762722673,-11.312896539671977,9.375282877551747,-3.7835059729728435,24.624395506357832
124.30565527599407,-11.316475571123247,9.351584147269792,-3.7835059729728435,-0.39304218796197077
124.96839268307177,-10.3643455633228,9.768979231881763,-3.349109258646766,13.571347176578808
124.51164243096198,-12.023224708220651,9.337614897150928,-3.64403634472479,-19.787591094445723
124.8590860231618,-11.734984554178059,9.845976830983556,-3.3435225564584434,10.458764841522829
123.94235356634671,-12.733986555420502,8.710814434231658,-4.043542244184327,-18.224092774218533
123.65559249444371,-13.59870787929591,8.546499447409776,-4.54775324994514,-11.608386420632897
124.15128496118132,-12.555454316433039,9.477879354583091,-4.54775324994514,14.805484863581205
125.30726350353673,-10.602927038651707,9.788163719267752,-3.6981826098404387,19.525272777813328
124.93203871182351,-10.995342426235565,8.864469823181519,-4.717251152867603,-15.351703501499356
124.72541351572352,-11.677774881246489,8.402010511548477,-4.809766206702069,-8.844455568656144
124.36998358574402,-12.944075419914077,8.190390121770566,-4.809766206702069,-14.950378578004479
125.00459654688277,-11.527471890573674,8.784523563500608,-3.1341520050347498,25.42459557160368
125.1000283043557,-11.527471890573674,9.093444813817301,-2.9534707469741495,4.15980182615948
124.43447957365541,-12.053354199632329,8.314276005741542,-3.3348440148253466,-10.702039011760549
125.1320833422886,-11.861508075261863,8.793227052207062,-2.529178778420242,11.704535384508658
124.88424434891941,-11.861508075261863,8.733183469836153,-2.6674938960397068,-3.1459443911576077
124.19849975269409,-12.30447883990966,8.18974011538601,-2.965315230814801,-10.143429155801986
123.8229370317556,-12.650960430095665,7.955026211050969,-3.051005656107772,-5.882446417156768
123.62172953685337,-12.821640202940973,7.699843784450193,-3.265952362304732,-3.8981791585723413
124.10525367590989,-12.635562228934868,8.334538510807455,-2.866592242872375,8.961216109813032
124.29092648494117,-12.586848863593996,8.541192899610296,-2.8121380745082303,2.851349514612266
124.69692373694637,-12.361281964471644,8.77479298496236,-2.7555871417117688,4.792154334219773
124.82129090242304,-12.34909642961128,8.807394636341234,-2.6953905124028816,1.6227954972406018
124.52959627706934,-13.278763721784845,8.1131782932715,-2.6953905124028816,-12.95762334209167
124.29157418153426,-13.942810905420949,7.910222951739467,-3.172976050518258,-9.43969985712099
123.55578283269675,-14.237348001879992,7.480020146217477,-3.6441572718248616,-10.781828026605789
123.59690036103154,-14.13244274759442,7.5785008987439895,-3.6441572718248616,1.5765228370899473
124.19379404862543,-13.146123187845713,8.230980686527904,-3.1777024623703434,16.299593264068733
123.8388603458405,-13.440598219372955,7.875435073447255,-3.436613402062803,-5.738281956853284
122.73344286652802,-13.440598219372955,7.043910865672774,-5.789469185770699,-23.528557837078953
122.11956574503604,-13.440598219372955,6.246212536523792,-6.030297752946654,-10.657695551589166
122.10802843305548,-13.464880092988649,6.224534538001441,-6.030297752946654,-0.3445997455211218
122.31759428336535,-13.464880092988649,6.529559973186245,-6.030297752946654,3.8642027245542865
122.36404894818043,-13.407099931753624,6.541698081399127,-6.020870139473807,0.818629595288603
121.97164067894767,-14.657754216664705,5.607789088983626,-6.020870139473807,-17.431512640572983
121.74873279679692,-15.451914605062573,5.475071360603151,-6.020870139473807,-9.376129990986248
122.39969164368853,-15.451914605062573,5.640156796501897,-5.199050285261068,11.478563812003447
122.2292842992868,-15.451914605062573,5.340367732999594,-5.762214324569817,-6.444713490158336
122.27359496716397,-15.414448376251967,5.50209889276917,-5.732365468512943,1.8327294846206996
122.18924312700467,-15.502664722241231,5.294449287520439,-5.961455626602755,-3.451116420156907
122.49654298196305,-14.947704609326106,6.073326700152924,-5.961455626602755,10.030084171206934
122.32968308995908,-15.048021624915142,5.870936362095857,-6.4414824256716114,-6.9398164977710195
122.92749528883778,-15.048021624915142,6.741058692867464,-6.4414824256716114,11.023110512820201
123.07568873597086,-14.93537588289306,6.908938882880501,-6.2948544752605295,3.601201566664431
122.91987310527927,-15.221595555189802,6.808917193298254,-6.736097450916366,-6.554041938291825
122.64295332552221,-15.221595555189802,6.2731889284011695,-6.923986157664759,-6.35059449104333
122.05807185272931,-15.380170378187556,6.224189437062101,-6.991591478816373,-8.301977479855854
122.30870733613061,-15.17572833504148,6.734612704320912,-6.8040589685855615,6.9753176330525575
123.08326835668841,-14.626374864118182,7.116605955434535,-6.552214447136791,11.218282762122506
122.91060095763456,-15.01180860386218,6.954952345507691,-7.008120587944942,-6.917600266889609
123.42935822188593,-14.32297586797547,7.471800739380943,-6.612361237059754,13.857321725006166
123.26665665710735,-14.610941342753172,6.986041267200807,-6.9376645446459655,-6.766868837699617
123.59987954423497,-14.394757155143914,7.071728561809156,-6.883983203428887,4.300214286325889
123.24071038984144,-14.610691477212992,6.636079433043998,-7.917250200291695,-14.93808963445448
123.77883834340938,-14.114232647087796,6.972391068815861,-7.794468010706844,8.428708910531197
123.76620788384585,-14.143115237109177,6.961672281779154,-7.8148408426594616,-0.4058450705524539
122.46042623051233,-14.143115237109177,5.979428853269298,-10.59416718117212,-27.793263385126576
122.84031409455707,-13.657226840537934,6.942044601955006,-10.291294436720186,11.58890095865604
122.85167528507249,-13.599755053001603,6.953342020540136,-9.946321419105235,6.4415850091751015
122.64602730472363,-14.278960003542057,6.493069869679923,-10.03839893110293,-8.802626491394212
123.31636748894012,-14.278960003542057,7.468757492974258,-10.03839893110293,12.360460267726872
123.12333308536934,-14.278960003542057,7.217920288254145,-10.114127765425065,-3.351325260729378
123.19106030222045,-14.278960003542057,7.363482686250789,-9.960142966139147,2.3258290589581474
123.191082942078,-14.278957408325521,7.363499870602912,-9.960142966139147,2.8500157082511635E-4
